Image Data ID,Subject,Group,Sex,Age,Visit,Modality,Description,Type,Acq Date,Format,Downloaded,PTID,Closest_MMSE,MMSE_Date,Time_Diff_Days,MMSE_VISCODE,Site,Year
I251187,sub-ADNI153S4172,AD,M,76,v02,MRI,MPRAGE,Original,2011-08-17,DCM,Yes,153_S_4172,23.0,2011-08-04,13,v01,153,2011
I307126,sub-ADNI137S4756,AD,M,84,v02,MRI,MPRAGE,Original,2012-05-31,DCM,Yes,137_S_4756,24.0,2012-05-21,10,v01,137,2012
I317097,sub-ADNI137S4672,AD,M,67,v04,MRI,MPRAGE,Original,2012-07-20,DCM,Yes,137_S_4672,22.0,2012-10-16,88,v05,137,2012
I260531,sub-ADNI137S4258,AD,M,76,v02,MRI,MPRAGE,Original,2011-10-11,DCM,Yes,137_S_4258,24.0,2011-09-20,21,v01,137,2011
I257193,sub-ADNI137S4211,AD,F,81,v02,MRI,MPRAGE,Original,2011-09-21,DCM,Yes,137_S_4211,22.0,2011-08-23,29,v01,137,2011
I25113,sub-ADNI137S0841,AD,F,77,sc,MRI,MP-RAGE,Original,2006-09-27,DCM,Yes,137_S_0841,26.0,2006-09-11,16,sc,137,2006
I14224,sub-ADNI137S0438,AD,M,82,sc,MRI,MP-RAGE,Original,2006-04-27,DCM,Yes,137_S_0438,25.0,2006-04-11,16,sc,137,2006
I384344,sub-ADNI135S5275,AD,F,78,v02,MRI,MPRAGE,Original,2013-08-05,DCM,Yes,135_S_5275,24.0,2013-07-30,6,v01,135,2013
I346353,sub-ADNI135S5015,AD,F,78,v02,MRI,MPRAGE,Original,2012-11-13,DCM,Yes,135_S_5015,23.0,2012-10-30,14,v01,135,2012
I367180,sub-ADNI135S4954,AD,M,62,v05,MRI,MPRAGE,Original,2013-04-15,DCM,Yes,135_S_4954,27.0,2013-04-15,0,v05,135,2013
I298456,sub-ADNI135S4676,AD,M,79,v02,MRI,MPRAGE,Original,2012-04-19,DCM,Yes,135_S_4676,25.0,2012-04-12,7,v01,135,2012
I297169,sub-ADNI135S4657,AD,F,72,v02,MRI,MPRAGE,Original,2012-04-12,DCM,Yes,135_S_4657,21.0,2012-04-05,7,v01,135,2012
I367565,sub-ADNI131S5138,AD,M,61,v02,MRI,MPRAGE,Original,2013-04-02,DCM,Yes,131_S_5138,25.0,2013-04-02,0,v01,131,2013
I381305,sub-ADNI130S5231,AD,F,74,v02,MRI,MPRAGE,Original,2013-07-16,DCM,Yes,130_S_5231,26.0,2013-06-17,29,v01,130,2013
I358776,sub-ADNI130S5059,AD,M,72,v02,MRI,MPRAGE,Original,2013-02-06,DCM,Yes,130_S_5059,21.0,2013-01-03,34,v01,130,2013
I348490,sub-ADNI130S5006,AD,F,68,v02,MRI,MPRAGE,Original,2012-11-14,DCM,Yes,130_S_5006,21.0,2012-10-19,26,v01,130,2012
I347410,sub-ADNI130S4997,AD,F,61,v02,MRI,MPRAGE,Original,2012-11-19,DCM,Yes,130_S_4997,19.0,2012-10-15,35,v01,130,2012
I342911,sub-ADNI130S4990,AD,F,75,v02,MRI,MPRAGE,Original,2012-10-26,DCM,Yes,130_S_4990,25.0,2012-10-09,17,v01,130,2012
I342274,sub-ADNI130S4984,AD,F,73,v02,MRI,MPRAGE,Original,2012-10-17,DCM,Yes,130_S_4984,20.0,2012-10-03,14,v01,130,2012
I358858,sub-ADNI130S4982,AD,F,59,v04,MRI,MPRAGE,Original,2013-01-25,DCM,Yes,130_S_4982,18.0,2013-04-26,91,v05,130,2013
I342338,sub-ADNI130S4971,AD,M,77,v02,MRI,MPRAGE,Original,2012-10-17,DCM,Yes,130_S_4971,21.0,2012-09-25,22,v01,130,2012
I306384,sub-ADNI130S4730,AD,F,81,v02,MRI,MPRAGE,Original,2012-05-23,DCM,Yes,130_S_4730,21.0,2012-05-08,15,v01,130,2012
I300034,sub-ADNI130S4660,AD,F,77,v02,MRI,MPRAGE,Original,2012-04-18,DCM,Yes,130_S_4660,24.0,2012-04-03,15,v01,130,2012
I295961,sub-ADNI130S4641,AD,F,74,v02,MRI,MPRAGE,Original,2012-04-04,DCM,Yes,130_S_4641,26.0,2012-03-23,12,v01,130,2012
I291219,sub-ADNI130S4589,AD,F,75,v02,MRI,MPRAGE,Original,2012-03-19,DCM,Yes,130_S_4589,26.0,2012-03-05,14,v01,130,2012
I38395,sub-ADNI130S1290,AD,F,79,sc,MRI,SAG MP-RAGE,Original,2007-02-07,DCM,Yes,130_S_1290,25.0,2007-01-30,8,sc,130,2007
I36269,sub-ADNI130S1201,AD,F,76,sc,MRI,SAG MP-RAGE,Original,2007-01-15,DCM,Yes,130_S_1201,26.0,2006-12-22,24,sc,130,2007
I361477,sub-ADNI127S5095,AD,M,66,v02,MRI,Accelerated Sag IR-FSPGR,Original,2013-02-27,DCM,Yes,127_S_5095,24.0,2013-02-19,8,v01,127,2013
I357660,sub-ADNI127S5067,AD,M,81,v02,MRI,Accelerated Sag IR-FSPGR,Original,2013-02-04,DCM,Yes,127_S_5067,23.0,2013-01-23,12,v01,127,2013
I354645,sub-ADNI127S5058,AD,M,62,v02,MRI,Accelerated Sag IR-FSPGR,Original,2013-01-10,DCM,Yes,127_S_5058,26.0,2013-01-03,7,v01,127,2013
I353204,sub-ADNI127S5056,AD,M,85,v02,MRI,Accelerated Sag IR-SPGR,Original,2013-01-03,DCM,Yes,127_S_5056,20.0,2012-12-11,23,v01,127,2013
I346691,sub-ADNI127S5028,AD,M,62,v02,MRI,Accelerated Sag IR-SPGR,Original,2012-11-14,DCM,Yes,127_S_5028,23.0,2012-11-07,7,v01,127,2012
I342695,sub-ADNI127S4992,AD,F,64,v02,MRI,Accelerated Sag IR-SPGR,Original,2012-10-25,DCM,Yes,127_S_4992,22.0,2012-10-11,14,v01,127,2012
I351586,sub-ADNI127S4940,AD,M,90,v04,MRI,Accelerated Sag IR-SPGR,Original,2012-12-14,DCM,Yes,127_S_4940,24.0,2012-09-06,99,v01,127,2012
I283521,sub-ADNI127S4500,AD,F,90,v02,MRI,Accelerated Sag IR-SPGR,Original,2012-02-08,DCM,Yes,127_S_4500,22.0,2012-01-25,14,v01,127,2012
I300822,sub-ADNI126S4686,AD,M,72,v02,MRI,Accelerated Sag IR-SPGR,Original,2012-04-27,DCM,Yes,126_S_4686,25.0,2012-04-16,11,v01,126,2012
I281601,sub-ADNI126S4494,AD,M,71,v02,MRI,Accelerated Sag IR-SPGR,Original,2012-01-31,DCM,Yes,126_S_4494,25.0,2012-01-23,8,v01,126,2012
I118806,sub-ADNI126S0891,AD,F,81,m24,MRI,MP-RAGE,Original,2008-09-30,DCM,Yes,126_S_0891,18.0,2008-10-07,7,m24,126,2008
I283603,sub-ADNI123S4526,AD,M,80,v02,MRI,MPRAGE,Original,2012-02-09,DCM,Yes,123_S_4526,22.0,2012-02-03,6,v01,123,2012
I307561,sub-ADNI116S4732,AD,M,77,v02,MRI,MPRAGE,Original,2012-05-31,DCM,Yes,116_S_4732,21.0,2012-05-09,22,v01,116,2012
I296138,sub-ADNI116S4625,AD,M,64,v02,MRI,MPRAGE,Original,2012-03-29,DCM,Yes,116_S_4625,22.0,2012-03-20,9,v01,116,2012
I264968,sub-ADNI116S4338,AD,M,81,v02,MRI,MPRAGE,Original,2011-11-02,DCM,Yes,116_S_4338,21.0,2011-10-26,7,v01,116,2011
I253234,sub-ADNI116S4209,AD,F,78,v02,MRI,MPRAGE,Original,2011-08-29,DCM,Yes,116_S_4209,23.0,2011-08-22,7,v01,116,2011
I254248,sub-ADNI116S4195,AD,M,62,v02,MRI,MPRAGE,Original,2011-08-31,DCM,Yes,116_S_4195,21.0,2011-08-15,16,v01,116,2011
I302292,sub-ADNI114S4379,AD,F,88,v04,MRI,MPRAGE,Original,2012-05-03,DCM,Yes,114_S_4379,25.0,2011-11-14,171,v01,114,2012
I13226,sub-ADNI114S0374,AD,F,76,sc,MRI,MPRAGE,Original,2006-04-10,DCM,Yes,114_S_0374,26.0,2006-03-22,19,sc,114,2006
I35266,sub-ADNI109S1157,AD,F,85,sc,MRI,MPRAGE,Original,2007-01-03,DCM,Yes,109_S_1157,21.0,2006-12-04,30,sc,109,2007
I24028,sub-ADNI109S0777,AD,F,75,sc,MRI,MPRAGE,Original,2006-09-07,DCM,Yes,109_S_0777,22.0,2006-07-24,45,sc,109,2006
I368412,sub-ADNI100S5106,AD,M,74,v02,MRI,MPRAGE,Original,2013-04-22,DCM,Yes,100_S_5106,20.0,2013-03-14,39,v01,100,2013
I19585,sub-ADNI100S0743,AD,M,86,sc,MRI,ADNI-R11   MPRAGE,Original,2006-07-24,DCM,Yes,100_S_0743,22.0,2006-07-13,11,sc,100,2006
I348826,sub-ADNI099S4994,AD,M,85,v02,MRI,MPRAGE,Original,2012-12-03,DCM,Yes,099_S_4994,21.0,2012-10-11,53,v01,099,2012
I14952,sub-ADNI099S0470,AD,F,87,sc,MRI,MPRAGE,Original,2006-05-10,DCM,Yes,099_S_0470,21.0,2006-04-19,21,sc,099,2006
I255836,sub-ADNI098S4215,AD,M,82,v02,MRI,Accelerated Sag IR-SPGR,Original,2011-09-12,DCM,Yes,098_S_4215,26.0,2011-08-24,19,v01,098,2011
I256181,sub-ADNI098S4201,AD,F,64,v02,MRI,Accelerated Sag IR-SPGR,Original,2011-09-14,DCM,Yes,098_S_4201,24.0,2011-08-17,28,v01,098,2011
I309933,sub-ADNI094S4737,AD,F,74,v02,MRI,Accelerated SAG IR-SPGR,Original,2012-06-08,DCM,Yes,094_S_4737,23.0,2012-05-16,23,v01,094,2012
I261849,sub-ADNI094S4282,AD,M,90,v02,MRI,Accelerated SAG IR-SPGR,Original,2011-10-20,DCM,Yes,094_S_4282,23.0,2011-10-06,14,v01,094,2011
I242720,sub-ADNI094S4089,AD,M,74,v02,MRI,Accelerated SAG IR-SPGR,Original,2011-06-29,DCM,Yes,094_S_4089,24.0,2011-06-16,13,v01,094,2011
I51790,sub-ADNI094S1397,AD,F,55,sc,MRI,MP-RAGE,Original,2007-04-26,DCM,Yes,094_S_1397,24.0,2007-04-17,9,sc,094,2007
I32806,sub-ADNI094S1164,AD,F,70,sc,MRI,MP-RAGE,Original,2006-12-11,DCM,Yes,094_S_1164,21.0,2006-12-05,6,sc,094,2006
I373616,sub-ADNI082S5184,AD,F,73,v02,MRI,MPRAGE,Original,2013-05-22,DCM,Yes,082_S_5184,26.0,2013-05-13,9,v01,082,2013
I359044,sub-ADNI073S5090,AD,M,59,v02,MRI,MPRAGE,Original,2013-02-07,DCM,Yes,073_S_5090,22.0,2013-02-07,0,v01,073,2013
I342679,sub-ADNI073S5016,AD,F,64,v02,MRI,MPRAGE,Original,2012-10-25,DCM,Yes,073_S_5016,26.0,2012-10-25,0,v01,073,2012
I315948,sub-ADNI073S4853,AD,F,71,v02,MRI,MPRAGE,Original,2012-07-11,DCM,Yes,073_S_4853,26.0,2012-07-11,0,v01,073,2012
I305573,sub-ADNI070S4719,AD,F,79,v02,MRI,MPRAGE,Original,2012-05-21,DCM,Yes,070_S_4719,22.0,2012-05-02,19,v01,070,2012
I302279,sub-ADNI070S4692,AD,M,83,v02,MRI,MPRAGE,Original,2012-05-08,DCM,Yes,070_S_4692,23.0,2012-04-17,21,v01,070,2012
I372701,sub-ADNI068S5146,AD,F,73,v02,MRI,MPRAGE,Original,2013-05-15,DCM,Yes,068_S_5146,25.0,2013-04-22,23,v01,068,2013
I360599,sub-ADNI068S4968,AD,M,79,v02,MRI,MPRAGE,Original,2013-02-15,DCM,Yes,068_S_4968,20.0,2013-01-10,36,v01,068,2013
I322076,sub-ADNI068S4859,AD,M,72,v02,MRI,MPRAGE,Original,2012-08-03,DCM,Yes,068_S_4859,24.0,2012-07-12,22,v01,068,2012
I376818,sub-ADNI067S5205,AD,F,59,v02,MRI,MPRAGE,Original,2013-06-17,DCM,Yes,067_S_5205,20.0,2013-05-28,20,v01,067,2013
I307594,sub-ADNI067S4728,AD,M,82,v02,MRI,MPRAGE,Original,2012-06-01,DCM,Yes,067_S_4728,22.0,2012-05-11,21,v01,067,2012
I46340,sub-ADNI057S1379,AD,M,88,sc,MRI,MPRAGE,Original,2007-03-21,DCM,Yes,057_S_1379,24.0,2007-02-26,23,sc,057,2007
I46230,sub-ADNI057S1373,AD,M,75,sc,MRI,MPRAGE,Original,2007-03-21,DCM,Yes,057_S_1373,21.0,2007-02-23,26,sc,057,2007
I46183,sub-ADNI057S1371,AD,M,84,sc,MRI,MPRAGE,Original,2007-03-21,DCM,Yes,057_S_1371,26.0,2007-02-23,26,sc,057,2007
I14584,sub-ADNI057S0474,AD,F,77,sc,MRI,MPRAGE,Original,2006-05-03,DCM,Yes,057_S_0474,26.0,2006-04-21,12,sc,057,2006
I356514,sub-ADNI052S5062,AD,F,71,v02,MRI,Accelerated Sag IR-FSPGR,Original,2013-01-25,DCM,Yes,052_S_5062,26.0,2013-01-10,15,v01,052,2013
I375592,sub-ADNI052S4959,AD,M,78,v04,MRI,Accelerated Sag IR-SPGR,Original,2013-06-05,DCM,Yes,052_S_4959,26.0,2013-09-18,105,v05,052,2013
I344143,sub-ADNI051S5005,AD,M,78,v02,MRI,MPRAGE,Original,2012-11-06,DCM,Yes,051_S_5005,21.0,2012-10-19,18,v01,051,2012
I343041,sub-ADNI051S4980,AD,M,87,v02,MRI,MPRAGE,Original,2012-10-29,DCM,Yes,051_S_4980,23.0,2012-10-02,27,v01,051,2012
I382019,sub-ADNI037S5162,AD,M,70,v04,MRI,MPRAGE,Original,2013-07-22,DCM,Yes,037_S_5162,24.0,2013-04-22,91,v01,037,2013
I333832,sub-ADNI037S4879,AD,F,80,v02,MRI,MPRAGE,Original,2012-09-06,DCM,Yes,037_S_4879,26.0,2012-08-20,17,v01,037,2012
I315489,sub-ADNI037S4770,AD,M,76,v02,MRI,MPRAGE,Original,2012-07-09,DCM,Yes,037_S_4770,19.0,2012-06-06,33,v01,037,2012
I218391,sub-ADNI037S4001,AD,F,89,v02,MRI,MPRAGE,Original,2011-02-21,DCM,Yes,037_S_4001,20.0,2011-02-14,7,v01,037,2011
I18220,sub-ADNI037S0627,AD,F,59,sc,MRI,MP-RAGE,Original,2006-07-06,DCM,Yes,037_S_0627,23.0,2006-05-31,36,sc,037,2006
I376435,sub-ADNI036S5210,AD,M,86,v02,MRI,MPRAGE,Original,2013-06-12,DCM,Yes,036_S_5210,20.0,2013-05-30,13,v01,036,2013
I371195,sub-ADNI036S5112,AD,F,75,v02,MRI,MPRAGE,Original,2013-05-06,DCM,Yes,036_S_5112,25.0,2013-03-04,63,v01,036,2013
I368349,sub-ADNI036S5063,AD,F,72,v04,MRI,MPRAGE,Original,2013-04-19,DCM,Yes,036_S_5063,25.0,2013-01-15,94,v01,036,2013
I323094,sub-ADNI036S4894,AD,F,61,v02,MRI,MPRAGE,Original,2012-08-09,DCM,Yes,036_S_4894,22.0,2012-07-26,14,v01,036,2012
I23387,sub-ADNI036S0760,AD,F,69,sc,MRI,MPRAGE,Original,2006-08-25,DCM,Yes,036_S_0760,25.0,2006-08-14,11,sc,036,2006
I315159,sub-ADNI035S4783,AD,M,83,v02,MRI,MPRAGE,Original,2012-07-02,DCM,Yes,035_S_4783,24.0,2012-06-12,20,v01,035,2012
I359743,sub-ADNI033S5087,AD,F,65,v02,MRI,MPRAGE,Original,2013-02-14,DCM,Yes,033_S_5087,25.0,2013-02-07,7,v01,033,2013
I362932,sub-ADNI033S5017,AD,M,85,v04,MRI,MPRAGE,Original,2013-03-13,DCM,Yes,033_S_5017,18.0,2013-06-10,89,v05,033,2013
I375559,sub-ADNI033S5013,AD,F,69,v05,MRI,MPRAGE,Original,2013-06-07,DCM,Yes,033_S_5013,23.0,2013-06-12,5,v05,033,2013
I38593,sub-ADNI033S1285,AD,F,80,sc,MRI,MP-RAGE,Original,2007-02-06,DCM,Yes,033_S_1285,26.0,2007-01-29,8,sc,033,2007
I228879,sub-ADNI031S4024,AD,F,56,v02,MRI,MPRAGE,Original,2011-04-22,DCM,Yes,031_S_4024,25.0,2011-04-11,11,v01,031,2011
I338843,sub-ADNI027S4964,AD,M,81,v02,MRI,Accelerated SAG IR-SPGR,Original,2012-10-06,DCM,Yes,027_S_4964,23.0,2012-09-18,18,v01,027,2012
I338561,sub-ADNI027S4962,AD,F,80,v02,MRI,Accelerated SAG IR-SPGR,Original,2012-10-05,DCM,Yes,027_S_4962,22.0,2012-09-17,18,v01,027,2012
I339237,sub-ADNI027S4802,AD,M,84,v04,MRI,Accelerated SAG IR-SPGR,Original,2012-10-09,DCM,Yes,027_S_4802,24.0,2013-01-10,93,v05,027,2012
I314033,sub-ADNI027S4801,AD,M,78,v02,MRI,Accelerated SAG IR-SPGR,Original,2012-07-02,DCM,Yes,027_S_4801,22.0,2012-06-11,21,v01,027,2012
I364292,sub-ADNI024S5054,AD,F,74,v04,MRI,MPRAGE,Original,2013-03-25,DCM,Yes,024_S_5054,25.0,2013-07-08,105,v05,024,2013
I324279,sub-ADNI024S4905,AD,F,73,v02,MRI,MPRAGE,Original,2012-08-16,DCM,Yes,024_S_4905,26.0,2012-08-13,3,v01,024,2012
I261332,sub-ADNI024S4280,AD,M,80,v02,MRI,MPRAGE,Original,2011-10-18,DCM,Yes,024_S_4280,24.0,2011-10-03,15,v01,024,2011
I255570,sub-ADNI024S4223,AD,M,76,v02,MRI,MPRAGE,Original,2011-09-12,DCM,Yes,024_S_4223,23.0,2011-09-01,11,v01,024,2011
I41527,sub-ADNI024S1307,AD,F,75,sc,MRI,MP-RAGE,Original,2007-02-23,DCM,Yes,024_S_1307,24.0,2007-02-02,21,sc,024,2007
I384974,sub-ADNI023S5241,AD,M,88,v02,MRI,MPRAGE,Original,2013-08-09,DCM,Yes,023_S_5241,22.0,2013-06-25,45,v01,023,2013
I372408,sub-ADNI023S5120,AD,M,81,v02,MRI,MPRAGE,Original,2013-05-15,DCM,Yes,023_S_5120,26.0,2013-04-11,34,v01,023,2013
I291858,sub-ADNI023S4501,AD,M,79,v02,MRI,MPRAGE,Original,2012-03-22,DCM,Yes,023_S_4501,22.0,2012-03-07,15,v01,023,2012
I15907,sub-ADNI022S0543,AD,F,72,sc,MRI,MPRAGE,Original,2006-05-22,DCM,Yes,022_S_0543,25.0,2006-05-11,11,sc,022,2006
I12280,sub-ADNI022S0219,AD,M,75,sc,MRI,MPRAGE,Original,2006-03-17,DCM,Yes,022_S_0219,22.0,2006-02-10,35,sc,022,2006
I331252,sub-ADNI021S4924,AD,M,77,v02,MRI,Accelerated Sag IR-SPGR,Original,2012-09-05,DCM,Yes,021_S_4924,20.0,2012-08-28,8,v01,021,2012
I304759,sub-ADNI021S4718,AD,M,79,v02,MRI,Accelerated Sag IR-SPGR,Original,2012-05-16,DCM,Yes,021_S_4718,20.0,2012-05-01,15,v01,021,2012
I31784,sub-ADNI021S1109,AD,F,78,sc,MRI,MP-RAGE,Original,2006-12-05,DCM,Yes,021_S_1109,21.0,2006-11-13,22,sc,021,2006
I17632,sub-ADNI021S0642,AD,M,85,sc,MRI,MP-RAGE,Original,2006-06-28,DCM,Yes,021_S_0642,25.0,2006-06-02,26,sc,021,2006
I12299,sub-ADNI020S0213,AD,M,63,sc,MRI,MPRAGE,Original,2006-03-22,DCM,Yes,020_S_0213,24.0,2006-02-15,35,sc,020,2006
I345563,sub-ADNI019S5019,AD,F,63,v02,MRI,MPRAGE,Original,2012-11-07,DCM,Yes,019_S_5019,21.0,2012-10-26,12,v01,019,2012
I343916,sub-ADNI019S5012,AD,M,76,v02,MRI,MPRAGE,Original,2012-11-05,DCM,Yes,019_S_5012,25.0,2012-10-24,12,v01,019,2012
I300335,sub-ADNI019S4549,AD,M,79,v02,MRI,MPRAGE,Original,2012-04-23,DCM,Yes,019_S_4549,21.0,2012-04-10,13,v01,019,2012
I297113,sub-ADNI019S4477,AD,F,82,v04,MRI,MPRAGE,Original,2012-04-11,DCM,Yes,019_S_4477,21.0,2012-01-13,89,v01,019,2012
I258947,sub-ADNI019S4252,AD,F,87,v02,MRI,MPRAGE,Original,2011-09-28,DCM,Yes,019_S_4252,22.0,2011-09-16,12,v01,019,2011
I382181,sub-ADNI018S5240,AD,F,63,v02,MRI,MPRAGE,Original,2013-07-23,DCM,Yes,018_S_5240,20.0,2013-06-24,29,v01,018,2013
I306069,sub-ADNI018S4733,AD,M,75,v02,MRI,MPRAGE,Original,2012-05-23,DCM,Yes,018_S_4733,26.0,2012-05-10,13,v01,018,2012
I301389,sub-ADNI018S4696,AD,F,73,v02,MRI,MPRAGE,Original,2012-05-01,DCM,Yes,018_S_4696,20.0,2012-04-19,12,v01,018,2012
I38050,sub-ADNI018S0682,AD,M,69,m06,MRI,MPRAGE,Original,2007-02-02,DCM,Yes,018_S_0682,23.0,2007-02-02,0,m06,018,2007
I29882,sub-ADNI018S0286,AD,M,67,m06,MRI,MPRAGE,Original,2006-11-16,DCM,Yes,018_S_0286,25.0,2006-11-28,12,m06,018,2006
I385048,sub-ADNI016S5251,AD,F,66,v02,MRI,Accelerated SAG IR-SPGR,Original,2013-08-09,DCM,Yes,016_S_5251,26.0,2013-07-01,39,v01,016,2013
I374536,sub-ADNI016S5057,AD,M,76,v04,MRI,Accelerated SAG IR-SPGR,Original,2013-05-29,DCM,Yes,016_S_5057,27.0,2013-10-08,132,v05,016,2013
I348593,sub-ADNI016S5032,AD,F,78,v02,MRI,Accelerated SAG IR-SPGR,Original,2012-11-29,DCM,Yes,016_S_5032,23.0,2012-11-12,17,v01,016,2012
I347341,sub-ADNI016S4887,AD,M,74,v04,MRI,Accelerated SAG IR-SPGR,Original,2012-11-19,DCM,Yes,016_S_4887,26.0,2012-07-25,117,v01,016,2012
I292441,sub-ADNI016S4591,AD,F,66,v02,MRI,Accelerated SAG IR-SPGR,Original,2012-03-22,DCM,Yes,016_S_4591,23.0,2012-03-05,17,v01,016,2012
I294212,sub-ADNI016S4583,AD,M,87,v02,MRI,Accelerated SAG IR-SPGR,Original,2012-03-29,DCM,Yes,016_S_4583,23.0,2012-02-29,29,v01,016,2012
I267942,sub-ADNI016S4353,AD,F,56,v02,MRI,Accelerated SAG IR-SPGR,Original,2011-11-18,DCM,Yes,016_S_4353,26.0,2011-11-01,17,v01,016,2011
I240954,sub-ADNI016S4009,AD,M,90,v02,MRI,Accelerated SAG IR-SPGR,Original,2011-06-18,DCM,Yes,016_S_4009,24.0,2011-06-02,16,v01,016,2011
I28391,sub-ADNI016S0991,AD,F,86,sc,MRI,MPRAGE,Original,2006-11-01,DCM,Yes,016_S_0991,21.0,2006-10-10,22,sc,016,2006
I313396,sub-ADNI014S4615,AD,M,87,v04,MRI,MPRAGE,Original,2012-06-28,DCM,Yes,014_S_4615,26.0,2012-03-15,105,v01,014,2012
I238745,sub-ADNI014S4039,AD,M,56,v02,MRI,MPRAGE,Original,2011-06-02,DCM,Yes,014_S_4039,21.0,2011-04-27,36,v01,014,2011
I360324,sub-ADNI013S5071,AD,M,76,v02,MRI,MPRAGE,Original,2013-02-12,DCM,Yes,013_S_5071,19.0,2013-01-22,21,v01,013,2013
I41028,sub-ADNI012S0720,AD,F,78,m06,MRI,MPRAGE,Original,2007-02-20,DCM,Yes,012_S_0720,20.0,2007-02-15,5,m06,012,2007
I36654,sub-ADNI012S0712,AD,M,77,m06,MRI,MPRAGE,Original,2007-01-16,DCM,Yes,012_S_0712,24.0,2007-01-16,0,m06,012,2007
I335369,sub-ADNI011S4949,AD,F,78,v02,MRI,MPRAGE,Original,2012-09-19,DCM,Yes,011_S_4949,25.0,2012-09-11,8,v01,011,2012
I325980,sub-ADNI011S4912,AD,F,69,v02,MRI,MPRAGE,Original,2012-08-22,DCM,Yes,011_S_4912,21.0,2012-08-17,5,v01,011,2012
I330056,sub-ADNI011S4906,AD,F,76,v02,MRI,MPRAGE,Original,2012-08-13,DCM,Yes,011_S_4906,24.0,2012-08-07,6,v01,011,2012
I316089,sub-ADNI011S4845,AD,F,68,v02,MRI,MPRAGE,Original,2012-07-12,DCM,Yes,011_S_4845,22.0,2012-07-05,7,v01,011,2012
I314042,sub-ADNI011S4827,AD,M,71,v02,MRI,MPRAGE,Original,2012-07-02,DCM,Yes,011_S_4827,26.0,2012-06-26,6,v01,011,2012
I381382,sub-ADNI009S5252,AD,M,57,v02,MRI,MPRAGE,Original,2013-07-18,DCM,Yes,009_S_5252,25.0,2013-07-01,17,v01,009,2013
I381184,sub-ADNI009S5224,AD,M,78,v02,MRI,MPRAGE,Original,2013-07-11,DCM,Yes,009_S_5224,25.0,2013-06-10,31,v01,009,2013
I355098,sub-ADNI009S5037,AD,M,67,v02,MRI,MPRAGE,Original,2013-01-08,DCM,Yes,009_S_5037,24.0,2012-11-16,53,v01,009,2013
I351495,sub-ADNI009S5027,AD,M,76,v02,MRI,MPRAGE,Original,2012-11-29,DCM,Yes,009_S_5027,22.0,2012-11-05,24,v01,009,2012
I376238,sub-ADNI007S5196,AD,F,73,v02,MRI,Accelerated SAG IR-SPGR,Original,2013-06-03,DCM,Yes,007_S_5196,21.0,2013-05-20,14,v01,007,2013
I328209,sub-ADNI007S4911,AD,M,75,v02,MRI,Accelerated SAG IR-SPGR,Original,2012-08-30,DCM,Yes,007_S_4911,21.0,2012-08-16,14,v01,007,2012
I287481,sub-ADNI007S4568,AD,F,71,v02,MRI,Accelerated SAG IR-SPGR,Original,2012-03-01,DCM,Yes,007_S_4568,23.0,2012-02-23,7,v01,007,2012
I42344,sub-ADNI007S1339,AD,F,80,sc,MRI,MP-RAGE,Original,2007-02-22,DCM,Yes,007_S_1339,25.0,2007-02-22,0,sc,007,2007
I322012,sub-ADNI006S4867,AD,M,75,v02,MRI,MPRAGE,Original,2012-08-07,DCM,Yes,006_S_4867,23.0,2012-07-18,20,v01,006,2012
I287994,sub-ADNI006S4546,AD,M,71,v02,MRI,MPRAGE,Original,2012-03-05,DCM,Yes,006_S_4546,25.0,2012-02-13,21,v01,006,2012
I258594,sub-ADNI006S4192,AD,M,82,v02,MRI,MPRAGE,Original,2011-09-27,DCM,Yes,006_S_4192,19.0,2011-08-15,43,v01,006,2011
I248517,sub-ADNI006S4153,AD,M,79,v02,MRI,MPRAGE,Original,2011-08-03,DCM,Yes,006_S_4153,22.0,2011-07-26,8,v01,006,2011
I17867,sub-ADNI006S0653,AD,F,74,sc,MRI,MP-RAGE,Original,2006-07-05,DCM,Yes,006_S_0653,20.0,2006-10-02,89,sc,006,2006
I17794,sub-ADNI006S0547,AD,M,76,sc,MRI,MP-RAGE,Original,2006-06-29,DCM,Yes,006_S_0547,26.0,2006-09-11,74,sc,006,2006
I364846,sub-ADNI005S5119,AD,F,77,v02,MRI,Accelerated Sag IR-FSPGR,Original,2013-03-28,DCM,Yes,005_S_5119,23.0,2013-03-08,20,v01,005,2013
I351434,sub-ADNI005S5038,AD,M,82,v02,MRI,Accelerated Sag IR-SPGR,Original,2012-12-13,DCM,Yes,005_S_5038,25.0,2012-11-16,27,v01,005,2012
I336537,sub-ADNI005S4910,AD,F,82,v02,MRI,Accelerated Sag IR-SPGR,Original,2012-09-21,DCM,Yes,005_S_4910,25.0,2012-08-15,37,v01,005,2012
I304670,sub-ADNI005S4707,AD,M,68,v02,MRI,Accelerated Sag IR-SPGR,Original,2012-05-15,DCM,Yes,005_S_4707,21.0,2012-04-26,19,v01,005,2012
I43188,sub-ADNI005S1341,AD,F,72,sc,MRI,MP-RAGE,Original,2007-03-07,DCM,Yes,005_S_1341,24.0,2007-02-20,15,sc,005,2007
I25645,sub-ADNI005S0929,AD,M,82,sc,MRI,MP-RAGE,Original,2006-10-02,DCM,Yes,005_S_0929,27.0,2006-09-18,14,sc,005,2006
I375951,sub-ADNI003S5187,AD,F,62,v02,MRI,Accelerated SAG IR-SPGR,Original,2013-06-07,DCM,Yes,003_S_5187,24.0,2013-05-10,28,v01,003,2013
I373251,sub-ADNI003S5165,AD,M,79,v02,MRI,Accelerated SAG IR-SPGR,Original,2013-05-16,DCM,Yes,003_S_5165,23.0,2013-04-24,22,v01,003,2013
I326457,sub-ADNI003S4892,AD,F,75,v02,MRI,Accelerated SAG IR-SPGR,Original,2012-08-23,DCM,Yes,003_S_4892,24.0,2012-07-26,28,v01,003,2012
I274607,sub-ADNI003S4373,AD,F,71,v02,MRI,Accelerated SAG IR-SPGR,Original,2011-12-15,DCM,Yes,003_S_4373,20.0,2011-11-10,35,v01,003,2011
I253758,sub-ADNI003S4152,AD,M,61,v02,MRI,Accelerated SAG IR-SPGR,Original,2011-08-30,DCM,Yes,003_S_4152,20.0,2011-07-26,35,v01,003,2011
I250168,sub-ADNI003S4136,AD,M,67,v02,MRI,Accelerated SAG IR-SPGR,Original,2011-08-10,DCM,Yes,003_S_4136,24.0,2011-07-19,22,v01,003,2011
I29252,sub-ADNI003S1059,AD,F,85,sc,MRI,MPRAGE,Original,2006-11-09,DCM,Yes,003_S_1059,25.0,2006-10-26,14,sc,003,2006
I358618,sub-ADNI002S5018,AD,M,74,v04,MRI,MPRAGE,Original,2013-02-11,DCM,Yes,002_S_5018,24.0,2013-05-16,94,v05,002,2013
I269043,sub-ADNI941S4376,CN,F,76,v02,MRI,MPRAGE,Original,2011-06-01,DCM,Yes,941_S_4376,29.0,2011-11-15,167,v01,941,2011
I269096,sub-ADNI941S4365,CN,M,80,v02,MRI,MPRAGE,Original,2011-11-22,DCM,Yes,941_S_4365,29.0,2011-11-08,14,v01,941,2011
I269843,sub-ADNI941S4292,CN,M,71,v02,MRI,MPRAGE,Original,2011-12-05,DCM,Yes,941_S_4292,28.0,2011-10-14,52,v01,941,2011
I245771,sub-ADNI941S4100,CN,F,79,v02,MRI,MPRAGE,Original,2011-07-18,DCM,Yes,941_S_4100,28.0,2011-06-27,21,v01,941,2011
I240920,sub-ADNI941S4066,CN,F,79,v02,MRI,MPRAGE,Original,2011-06-17,DCM,Yes,941_S_4066,29.0,2011-05-23,25,v01,941,2011
I37076,sub-ADNI941S1197,CN,F,82,sc,MRI,MPRAGE,Original,2007-01-20,DCM,Yes,941_S_1197,30.0,2007-01-05,15,sc,941,2007
I350812,sub-ADNI153S4372,CN,F,71,v11,MRI,MPRAGE,Original,2012-12-11,DCM,Yes,153_S_4372,29.0,2012-12-10,1,v11,153,2012
I251754,sub-ADNI153S4151,CN,M,72,v02,MRI,MPRAGE,Original,2011-08-18,DCM,Yes,153_S_4151,29.0,2011-07-25,24,v01,153,2011
I265053,sub-ADNI153S4139,CN,F,71,v04,MRI,MPRAGE,Original,2011-11-07,DCM,Yes,153_S_4139,28.0,2012-02-20,105,v05,153,2011
I245820,sub-ADNI153S4125,CN,F,76,v02,MRI,MPRAGE,Original,2011-07-20,DCM,Yes,153_S_4125,30.0,2011-07-07,13,v01,153,2011
I23491,sub-ADNI141S0767,CN,F,73,sc,MRI,MPRAGE,Original,2006-08-27,DCM,Yes,141_S_0767,29.0,2006-07-18,40,sc,141,2006
I301663,sub-ADNI137S4632,CN,M,68,v02,MRI,MPRAGE,Original,2012-05-03,DCM,Yes,137_S_4632,29.0,2012-03-21,43,v01,137,2012
I297501,sub-ADNI137S4587,CN,F,66,v02,MRI,MPRAGE,Original,2012-04-16,DCM,Yes,137_S_4587,29.0,2012-03-02,45,v01,137,2012
I287510,sub-ADNI137S4520,CN,M,68,v02,MRI,MPRAGE,Original,2012-03-01,DCM,Yes,137_S_4520,30.0,2012-01-31,30,v01,137,2012
I285105,sub-ADNI137S4482,CN,F,77,v02,MRI,MPRAGE,Original,2012-02-16,DCM,Yes,137_S_4482,28.0,2012-01-17,30,v01,137,2012
I280773,sub-ADNI137S4466,CN,M,80,v02,MRI,MPRAGE,Original,2012-01-25,DCM,Yes,137_S_4466,30.0,2012-01-11,14,v01,137,2012
I31702,sub-ADNI137S0972,CN,M,78,sc,MRI,MP-RAGE,Original,2006-12-04,DCM,Yes,137_S_0972,30.0,2006-11-21,13,sc,137,2006
I14178,sub-ADNI137S0459,CN,M,73,sc,MRI,MP-RAGE,Original,2006-04-25,DCM,Yes,137_S_0459,30.0,2006-04-14,11,sc,137,2006
I12028,sub-ADNI137S0283,CN,M,78,sc,MRI,MP-RAGE,Original,2006-03-15,DCM,Yes,137_S_0283,28.0,2006-02-20,23,sc,137,2006
I278511,sub-ADNI136S4433,CN,F,77,v02,MRI,MPRAGE,Original,2012-01-16,DCM,Yes,136_S_4433,30.0,2011-12-16,31,v01,136,2012
I264215,sub-ADNI136S4269,CN,F,66,v02,MRI,MPRAGE,Original,2011-10-31,DCM,Yes,136_S_4269,30.0,2011-10-03,28,v01,136,2011
I288820,sub-ADNI135S4566,CN,F,84,v02,MRI,MPRAGE,Original,2012-03-07,DCM,Yes,135_S_4566,29.0,2012-02-29,7,v01,135,2012
I278378,sub-ADNI135S4446,CN,F,68,v02,MRI,MPRAGE,Original,2012-01-17,DCM,Yes,135_S_4446,30.0,2012-01-05,12,v01,135,2012
I10043,sub-ADNI131S0123,CN,M,73,sc,MRI,MP-RAGE,Original,2006-01-19,DCM,Yes,131_S_0123,30.0,2006-01-05,14,sc,131,2006
I267711,sub-ADNI130S4352,CN,M,84,v02,MRI,MPRAGE,Original,2011-11-15,DCM,Yes,130_S_4352,29.0,2011-11-01,14,v01,130,2011
I266217,sub-ADNI130S4343,CN,M,80,v02,MRI,MPRAGE,Original,2011-11-09,DCM,Yes,130_S_4343,30.0,2011-10-28,12,v01,130,2011
I158205,sub-ADNI130S0969,CN,M,73,m36,MRI,MP-RAGE,Original,2009-11-02,DCM,Yes,130_S_0969,30.0,2009-11-05,3,m36,130,2009
I11567,sub-ADNI130S0232,CN,M,78,sc,MRI,MP-RAGE,Original,2006-03-01,DCM,Yes,130_S_0232,29.0,2006-02-14,15,sc,130,2006
I317117,sub-ADNI129S4422,CN,F,71,v05,MRI,MPRAGE,Original,2012-07-20,DCM,Yes,129_S_4422,30.0,2012-07-20,0,v05,129,2012
I350736,sub-ADNI129S4396,CN,F,80,v11,MRI,MPRAGE,Original,2012-12-11,DCM,Yes,129_S_4396,29.0,2012-12-11,0,v11,129,2012
I316545,sub-ADNI129S4371,CN,M,68,v05,MRI,MPRAGE,Original,2012-07-17,DCM,Yes,129_S_4371,28.0,2012-07-17,0,v05,129,2012
I350833,sub-ADNI129S4369,CN,M,69,v11,MRI,MPRAGE,Original,2012-12-11,DCM,Yes,129_S_4369,28.0,2012-12-11,0,v11,129,2012
I99797,sub-ADNI129S0778,CN,M,73,m06,MRI,MP-RAGE,Original,2007-02-16,DCM,Yes,129_S_0778,27.0,2007-02-06,10,m06,129,2007
I316763,sub-ADNI127S4843,CN,F,73,v02,MRI,Accelerated Sag IR-SPGR,Original,2012-07-18,DCM,Yes,127_S_4843,29.0,2012-07-05,13,v01,127,2012
I295597,sub-ADNI127S4645,CN,F,76,v02,MRI,Accelerated Sag IR-SPGR,Original,2012-04-04,DCM,Yes,127_S_4645,30.0,2012-03-27,8,v01,127,2012
I291528,sub-ADNI127S4604,CN,M,65,v02,MRI,Accelerated Sag IR-SPGR,Original,2012-03-21,DCM,Yes,127_S_4604,29.0,2012-03-12,9,v01,127,2012
I254317,sub-ADNI127S4198,CN,F,78,v02,MRI,Accelerated Sag IR-SPGR,Original,2011-09-01,DCM,Yes,127_S_4198,30.0,2011-08-16,16,v01,127,2011
I153373,sub-ADNI126S0680,CN,M,81,m36,MRI,MP-RAGE,Original,2009-07-28,DCM,Yes,126_S_0680,27.0,2009-07-30,2,m36,126,2009
I17184,sub-ADNI126S0506,CN,F,72,sc,MRI,SAG MP-RAGE,Original,2006-06-14,DCM,Yes,126_S_0506,29.0,2006-05-11,34,sc,126,2006
I269078,sub-ADNI123S4362,CN,F,68,v02,MRI,MPRAGE,Original,2011-11-28,DCM,Yes,123_S_4362,28.0,2011-11-04,24,v01,123,2011
I11714,sub-ADNI123S0113,CN,M,75,sc,MRI,ADNI       MPRAGE,Original,2006-03-08,DCM,Yes,123_S_0113,28.0,2006-02-20,16,sc,123,2006
I10126,sub-ADNI123S0106,CN,F,73,sc,MRI,ADNI       MPRAGE,Original,2006-01-20,DCM,Yes,123_S_0106,30.0,2006-01-05,15,sc,123,2006
I321271,sub-ADNI116S4855,CN,M,84,v02,MRI,MPRAGE,Original,2012-07-20,DCM,Yes,116_S_4855,27.0,2012-07-10,10,v01,116,2012
I280672,sub-ADNI116S4483,CN,F,70,v02,MRI,MPRAGE,Original,2012-01-25,DCM,Yes,116_S_4483,30.0,2012-01-17,8,v01,116,2012
I280149,sub-ADNI116S4453,CN,M,66,v02,MRI,MPRAGE,Original,2012-01-18,DCM,Yes,116_S_4453,29.0,2012-01-09,9,v01,116,2012
I241692,sub-ADNI116S4092,CN,F,82,v02,MRI,MPRAGE,Original,2011-06-24,DCM,Yes,116_S_4092,29.0,2011-06-20,4,v01,116,2011
I235313,sub-ADNI116S4043,CN,M,82,v02,MRI,MPRAGE,Original,2011-05-17,DCM,Yes,116_S_4043,29.0,2011-05-04,13,v01,116,2011
I242914,sub-ADNI116S4010,CN,F,71,v04,MRI,MPRAGE,Original,2011-06-30,DCM,Yes,116_S_4010,29.0,2011-03-21,101,v01,116,2011
I37848,sub-ADNI116S1232,CN,F,72,sc,MRI,MP-RAGE,Original,2007-01-24,DCM,Yes,116_S_1232,28.0,2007-01-16,8,sc,116,2007
I23350,sub-ADNI116S0657,CN,F,78,sc,MRI,MP-RAGE,Original,2006-08-24,DCM,Yes,116_S_0657,29.0,2006-08-10,14,sc,116,2006
I11033,sub-ADNI114S0173,CN,M,73,sc,MRI,MPRAGE,Original,2006-02-10,DCM,Yes,114_S_0173,30.0,2006-01-25,16,sc,114,2006
I11019,sub-ADNI114S0166,CN,F,73,sc,MRI,MPRAGE,Original,2006-02-10,DCM,Yes,114_S_0166,30.0,2006-01-25,16,sc,114,2006
I288998,sub-ADNI109S4499,CN,M,84,v02,MRI,Accelerated SAG IR-SPGR,Original,2012-03-08,DCM,Yes,109_S_4499,28.0,2012-01-24,44,v01,109,2012
I27640,sub-ADNI109S0967,CN,M,77,sc,MRI,MPRAGE,Original,2006-10-23,DCM,Yes,109_S_0967,30.0,2006-10-04,19,sc,109,2006
I289564,sub-ADNI100S4469,CN,M,66,v02,MRI,MPRAGE,Original,2012-03-08,DCM,Yes,100_S_4469,29.0,2012-02-10,27,v01,100,2012
I748893,sub-ADNI100S1286,CN,F,83,v21,MRI,MPRAGE,Original,2014-03-28,DCM,Yes,100_S_1286,29.0,2014-02-20,36,v21,100,2014
I411283,sub-ADNI100S0069,CN,M,81,v21,MRI,MPRAGE,Original,2014-01-28,DCM,Yes,100_S_0069,28.0,2014-01-28,0,v21,100,2014
I8900,sub-ADNI100S0047,CN,M,85,sc,MRI,ADNI STUDY MPRAGE1,Original,2005-11-17,DCM,Yes,100_S_0047,30.0,2005-11-09,8,sc,100,2005
I15403,sub-ADNI100S0035,CN,M,78,m06,MRI,ADNI_new   MPRAGE,Original,2006-05-15,DCM,Yes,100_S_0035,29.0,2006-05-23,8,m06,100,2006
I243001,sub-ADNI099S4104,CN,M,72,v02,MRI,MPRAGE,Original,2011-07-01,DCM,Yes,099_S_4104,30.0,2011-06-27,4,v01,099,2011
I242231,sub-ADNI099S4086,CN,M,82,v02,MRI,MPRAGE,Original,2011-06-28,DCM,Yes,099_S_4086,28.0,2011-06-14,14,v01,099,2011
I239985,sub-ADNI099S4076,CN,F,73,v02,MRI,MPRAGE,Original,2011-06-14,DCM,Yes,099_S_4076,30.0,2011-06-07,7,v01,099,2011
I14611,sub-ADNI099S0534,CN,M,63,sc,MRI,MPRAGE,Original,2006-05-04,DCM,Yes,099_S_0534,28.0,2006-05-04,0,sc,099,2006
I16051,sub-ADNI099S0533,CN,F,81,sc,MRI,MPRAGE,Original,2006-05-25,DCM,Yes,099_S_0533,30.0,2006-05-04,21,sc,099,2006
I13166,sub-ADNI099S0352,CN,F,77,sc,MRI,MPRAGE,Original,2006-04-07,DCM,Yes,099_S_0352,29.0,2006-03-16,22,sc,099,2006
I286989,sub-ADNI098S4506,CN,M,72,v02,MRI,Accelerated Sag IR-SPGR,Original,2012-02-24,DCM,Yes,098_S_4506,30.0,2012-01-25,30,v01,098,2012
I294819,sub-ADNI098S4275,CN,M,73,v04,MRI,Accelerated Sag IR-SPGR,Original,2012-03-27,DCM,Yes,098_S_4275,30.0,2012-05-20,54,v05,098,2012
I238613,sub-ADNI098S4050,CN,M,77,v02,MRI,Accelerated Sag IR-SPGR,Original,2011-05-27,DCM,Yes,098_S_4050,24.0,2011-05-10,17,v01,098,2011
I277633,sub-ADNI098S4018,CN,M,77,v05,MRI,Accelerated Sag IR-SPGR,Original,2011-11-28,DCM,Yes,098_S_4018,29.0,2011-11-28,0,v05,098,2011
I224611,sub-ADNI098S4003,CN,F,72,v02,MRI,Accelerated Sag IR-SPGR,Original,2011-03-22,DCM,Yes,098_S_4003,30.0,2011-02-22,28,v01,098,2011
I11398,sub-ADNI098S0172,CN,F,71,sc,MRI,MP-RAGE,Original,2006-02-26,DCM,Yes,098_S_0172,29.0,2006-02-16,10,sc,098,2006
I302938,sub-ADNI094S4649,CN,M,66,v02,MRI,Accelerated SAG IR-SPGR,Original,2012-05-10,DCM,Yes,094_S_4649,30.0,2012-03-29,42,v01,094,2012
I291214,sub-ADNI094S4560,CN,F,70,v02,MRI,Accelerated SAG IR-SPGR,Original,2012-03-16,DCM,Yes,094_S_4560,28.0,2012-02-23,22,v01,094,2012
I286228,sub-ADNI094S4503,CN,F,72,v02,MRI,Accelerated SAG IR-SPGR,Original,2012-02-22,DCM,Yes,094_S_4503,30.0,2012-01-26,27,v01,094,2012
I261530,sub-ADNI094S4234,CN,M,70,v02,MRI,Accelerated SAG IR-SPGR,Original,2011-10-18,DCM,Yes,094_S_4234,28.0,2011-10-04,14,v01,094,2011
I273679,sub-ADNI082S4428,CN,M,73,v02,MRI,MPRAGE,Original,2011-12-20,DCM,Yes,082_S_4428,29.0,2011-12-12,8,v01,082,2011
I265938,sub-ADNI082S4339,CN,M,84,v02,MRI,MPRAGE,Original,2011-11-09,DCM,Yes,082_S_4339,29.0,2011-10-31,9,v01,082,2011
I257382,sub-ADNI082S4224,CN,M,75,v02,MRI,MPRAGE,Original,2011-09-21,DCM,Yes,082_S_4224,29.0,2011-09-07,14,v01,082,2011
I253469,sub-ADNI082S4208,CN,M,78,v02,MRI,MPRAGE,Original,2011-08-30,DCM,Yes,082_S_4208,30.0,2011-08-22,8,v01,082,2011
I241094,sub-ADNI082S4090,CN,M,71,v02,MRI,MPRAGE,Original,2011-06-20,DCM,Yes,082_S_4090,30.0,2011-06-16,4,v01,082,2011
I13204,sub-ADNI082S0363,CN,F,72,sc,MRI,MPRAGE,Original,2006-03-28,DCM,Yes,082_S_0363,29.0,2006-03-17,11,sc,082,2006
I393941,sub-ADNI073S5023,CN,F,64,v02,MRI,MPRAGE,Original,2012-06-13,DCM,Yes,073_S_5023,30.0,2012-10-30,139,v01,073,2012
I308459,sub-ADNI073S4795,CN,M,61,v02,MRI,MPRAGE,Original,2012-06-06,DCM,Yes,073_S_4795,30.0,2012-06-06,0,v01,073,2012
I314311,sub-ADNI073S4762,CN,M,74,v02,MRI,MPRAGE,Original,2012-05-24,DCM,Yes,073_S_4762,30.0,2012-05-24,0,v01,073,2012
I304867,sub-ADNI073S4739,CN,M,65,v02,MRI,MPRAGE,Original,2012-05-16,DCM,Yes,073_S_4739,30.0,2012-05-16,0,v01,073,2012
I286553,sub-ADNI073S4559,CN,F,67,v02,MRI,MPRAGE,Original,2012-02-24,DCM,Yes,073_S_4559,26.0,2012-02-24,0,v01,073,2012
I285080,sub-ADNI073S4552,CN,M,63,v02,MRI,MPRAGE,Original,2012-02-15,DCM,Yes,073_S_4552,29.0,2012-02-15,0,v01,073,2012
I268159,sub-ADNI073S4393,CN,M,74,v02,MRI,MPRAGE,Original,2011-11-22,DCM,Yes,073_S_4393,30.0,2011-11-22,0,v01,073,2011
I266888,sub-ADNI073S4382,CN,F,76,v02,MRI,MPRAGE,Original,2011-11-15,DCM,Yes,073_S_4382,28.0,2011-11-15,0,v01,073,2011
I247636,sub-ADNI073S4155,CN,F,78,v02,MRI,MPRAGE,Original,2011-07-28,DCM,Yes,073_S_4155,28.0,2011-07-27,1,v01,073,2011
I16274,sub-ADNI073S0312,CN,M,83,sc,MRI,MPRAGE,Original,2006-05-31,DCM,Yes,073_S_0312,30.0,2006-05-10,21,sc,073,2006
I276963,sub-ADNI072S4391,CN,M,75,v02,MRI,MPRAGE,Original,2012-01-06,DCM,Yes,072_S_4391,26.0,2011-11-21,46,v01,072,2012
I286628,sub-ADNI072S4103,CN,M,72,v05,MRI,MPRAGE,Original,2012-02-27,DCM,Yes,072_S_4103,28.0,2012-02-27,0,v05,072,2012
I54302,sub-ADNI072S0315,CN,M,73,m12,MRI,MPRAGE,Original,2007-05-09,DCM,Yes,072_S_0315,30.0,2007-05-07,2,m12,072,2007
I318607,sub-ADNI070S4856,CN,F,65,v02,MRI,MPRAGE,Original,2012-07-25,DCM,Yes,070_S_4856,30.0,2012-07-11,14,v01,070,2012
I274494,sub-ADNI068S4424,CN,F,66,v02,MRI,MPRAGE,Original,2011-12-23,DCM,Yes,068_S_4424,26.0,2011-12-09,14,v01,068,2011
I268979,sub-ADNI068S4340,CN,F,67,v02,MRI,MPRAGE,Original,2011-11-28,DCM,Yes,068_S_4340,29.0,2011-11-08,20,v01,068,2011
I251996,sub-ADNI068S4174,CN,F,74,v02,MRI,MPRAGE,Original,2011-08-19,DCM,Yes,068_S_4174,29.0,2011-08-08,11,v01,068,2011
I11235,sub-ADNI068S0210,CN,F,72,sc,MRI,ADNI       MPRAGE,Original,2006-02-16,DCM,Yes,068_S_0210,29.0,2006-02-02,14,sc,068,2006
I11133,sub-ADNI068S0127,CN,M,71,sc,MRI,ADNI       MPRAGE,Original,2006-02-14,DCM,Yes,068_S_0127,29.0,2006-01-05,40,sc,068,2006
I9362,sub-ADNI067S0059,CN,F,71,sc,MRI,MPRAGE,Original,2005-12-12,DCM,Yes,067_S_0059,29.0,2005-11-09,33,sc,067,2005
I8584,sub-ADNI067S0056,CN,F,70,sc,MRI,MPRAGE,Original,2005-11-09,DCM,Yes,067_S_0056,28.0,2005-10-25,15,sc,067,2005
I30171,sub-ADNI062S1099,CN,F,79,sc,MRI,MPRAGE,Original,2006-11-20,DCM,Yes,062_S_1099,29.0,2006-11-08,12,sc,062,2006
I26126,sub-ADNI057S0934,CN,F,70,sc,MRI,MPRAGE,Original,2006-10-04,DCM,Yes,057_S_0934,28.0,2006-09-19,15,sc,057,2006
I23159,sub-ADNI057S0779,CN,M,80,sc,MRI,MPRAGE,Original,2006-08-16,DCM,Yes,057_S_0779,28.0,2006-07-25,22,sc,057,2006
I273198,sub-ADNI041S4427,CN,M,71,v02,MRI,MPRAGE,Original,2011-12-19,DCM,Yes,041_S_4427,30.0,2011-12-16,3,v01,041,2011
I238383,sub-ADNI041S4060,CN,M,85,v02,MRI,MPRAGE,Original,2011-06-01,DCM,Yes,041_S_4060,30.0,2011-05-18,14,v01,041,2011
I237030,sub-ADNI041S4037,CN,M,76,v02,MRI,MPRAGE,Original,2011-05-24,DCM,Yes,041_S_4037,27.0,2011-04-28,26,v01,041,2011
I228302,sub-ADNI041S4014,CN,M,81,v02,MRI,MPRAGE,Original,2011-04-18,DCM,Yes,041_S_4014,29.0,2011-03-24,25,v01,041,2011
I273584,sub-ADNI037S4410,CN,F,69,v02,MRI,MPRAGE,Original,2011-12-19,DCM,Yes,037_S_4410,29.0,2011-12-07,12,v01,037,2011
I242120,sub-ADNI037S4071,CN,M,85,v02,MRI,MPRAGE,Original,2011-06-28,DCM,Yes,037_S_4071,24.0,2011-06-01,27,v01,037,2011
I228854,sub-ADNI037S4028,CN,F,64,v02,MRI,MPRAGE,Original,2011-04-25,DCM,Yes,037_S_4028,30.0,2011-04-18,7,v01,037,2011
I14861,sub-ADNI037S0467,CN,F,81,sc,MRI,MP-RAGE,Original,2006-05-02,DCM,Yes,037_S_0467,30.0,2006-04-12,20,sc,037,2006
I14768,sub-ADNI037S0454,CN,F,82,sc,MRI,MP-RAGE,Original,2006-05-09,DCM,Yes,037_S_0454,29.0,2006-04-17,22,sc,037,2006
I13802,sub-ADNI037S0327,CN,M,70,sc,MRI,MP-RAGE,Original,2006-04-19,DCM,Yes,037_S_0327,29.0,2006-03-13,37,sc,037,2006
I341694,sub-ADNI036S4878,CN,F,73,v04,MRI,MPRAGE,Original,2012-10-19,DCM,Yes,036_S_4878,29.0,2012-07-23,88,v01,036,2012
I281772,sub-ADNI036S4491,CN,M,84,v02,MRI,MPRAGE,Original,2012-01-31,DCM,Yes,036_S_4491,30.0,2012-01-19,12,v01,036,2012
I304647,sub-ADNI035S4464,CN,M,71,v04,MRI,MPRAGE,Original,2012-05-09,DCM,Yes,035_S_4464,29.0,2012-08-03,86,v05,035,2012
I258786,sub-ADNI035S4082,CN,M,76,v04,MRI,MPRAGE,Original,2011-09-19,DCM,Yes,035_S_4082,27.0,2011-12-14,86,v05,035,2011
I10698,sub-ADNI035S0156,CN,M,74,sc,MRI,MPRAGE,Original,2006-01-31,DCM,Yes,035_S_0156,30.0,2006-01-19,12,sc,035,2006
I360626,sub-ADNI033S4508,CN,F,78,v11,MRI,MPRAGE,Original,2013-02-19,DCM,Yes,033_S_4508,27.0,2013-02-15,4,v11,033,2013
I414805,sub-ADNI033S4505,CN,F,83,v21,MRI,MPRAGE,Original,2014-02-19,DCM,Yes,033_S_4505,30.0,2014-02-19,0,v21,033,2014
I252069,sub-ADNI033S4179,CN,M,83,v02,MRI,MPRAGE,Original,2011-08-22,DCM,Yes,033_S_4179,30.0,2011-08-10,12,v01,033,2011
I389487,sub-ADNI033S4177,CN,M,87,v21,MRI,MPRAGE,Original,2013-09-11,DCM,Yes,033_S_4177,30.0,2013-09-06,5,v21,033,2013
I388340,sub-ADNI033S4176,CN,M,86,v21,MRI,MPRAGE,Original,2013-09-04,DCM,Yes,033_S_4176,30.0,2013-09-04,0,v21,033,2013
I25427,sub-ADNI033S0923,CN,M,83,sc,MRI,MP-RAGE,Original,2006-09-29,DCM,Yes,033_S_0923,30.0,2006-09-15,14,sc,033,2006
I282638,sub-ADNI031S4496,CN,F,76,v02,MRI,MPRAGE,Original,2012-02-03,DCM,Yes,031_S_4496,30.0,2012-01-23,11,v01,031,2012
I280369,sub-ADNI031S4474,CN,M,86,v02,MRI,MPRAGE,Original,2012-01-24,DCM,Yes,031_S_4474,28.0,2012-01-12,12,v01,031,2012
I255978,sub-ADNI031S4218,CN,M,81,v02,MRI,MPRAGE,Original,2011-09-08,DCM,Yes,031_S_4218,29.0,2011-08-29,10,v01,031,2011
I234922,sub-ADNI031S4032,CN,F,70,v02,MRI,MPRAGE,Original,2011-05-09,DCM,Yes,031_S_4032,30.0,2011-04-25,14,v01,031,2011
I229148,sub-ADNI031S4021,CN,M,67,v02,MRI,MPRAGE,Original,2011-04-19,DCM,Yes,031_S_4021,29.0,2011-04-07,12,v01,031,2011
I10933,sub-ADNI027S0120,CN,M,72,sc,MRI,MP-RAGE,Original,2006-02-06,DCM,Yes,027_S_0120,30.0,2006-01-20,17,sc,027,2006
I250350,sub-ADNI024S4158,CN,M,84,v02,MRI,MPRAGE,Original,2011-08-11,DCM,Yes,024_S_4158,30.0,2011-07-28,14,v01,024,2011
I241013,sub-ADNI024S4084,CN,F,68,v02,MRI,MPRAGE,Original,2011-06-16,DCM,Yes,024_S_4084,30.0,2011-06-13,3,v01,024,2011
I27607,sub-ADNI024S0985,CN,M,80,sc,MRI,MP-RAGE,Original,2006-10-20,DCM,Yes,024_S_0985,30.0,2006-10-09,11,sc,024,2006
I280812,sub-ADNI023S4448,CN,F,64,v02,MRI,MPRAGE,Original,2012-01-26,DCM,Yes,023_S_4448,29.0,2012-01-11,15,v01,023,2012
I253493,sub-ADNI023S4164,CN,M,73,v02,MRI,MPRAGE,Original,2011-08-30,DCM,Yes,023_S_4164,30.0,2011-08-02,28,v01,023,2011
I35586,sub-ADNI023S1190,CN,F,77,sc,MRI,MPRAGE,Original,2007-01-08,DCM,Yes,023_S_1190,30.0,2006-12-18,21,sc,023,2007
I25178,sub-ADNI023S0926,CN,F,71,sc,MRI,MPRAGE,Original,2006-09-27,DCM,Yes,023_S_0926,29.0,2006-09-18,9,sc,023,2006
I9046,sub-ADNI023S0061,CN,F,77,sc,MRI,MPRAGE,Original,2005-11-29,DCM,Yes,023_S_0061,29.0,2005-11-15,14,sc,023,2005
I7899,sub-ADNI023S0031,CN,F,78,sc,MRI,MPRAGE,Original,2005-10-12,DCM,Yes,023_S_0031,30.0,2005-10-03,9,sc,023,2005
I267885,sub-ADNI022S4320,CN,F,71,v02,MRI,MPRAGE,Original,2011-11-09,DCM,Yes,022_S_4320,30.0,2011-10-18,22,v01,022,2011
I288452,sub-ADNI022S4291,CN,F,76,v04,MRI,MPRAGE,Original,2012-02-29,DCM,Yes,022_S_4291,30.0,2011-10-06,146,v01,022,2012
I267459,sub-ADNI022S4266,CN,F,70,v02,MRI,MPRAGE,Original,2011-11-15,DCM,Yes,022_S_4266,30.0,2011-09-26,50,v01,022,2011
I282441,sub-ADNI022S4196,CN,M,79,v04,MRI,MPRAGE,Original,2012-01-27,DCM,Yes,022_S_4196,26.0,2012-03-27,60,v05,022,2012
I255992,sub-ADNI022S4173,CN,F,70,v02,MRI,MPRAGE,Original,2011-09-13,DCM,Yes,022_S_4173,30.0,2011-08-08,36,v01,022,2011
I10117,sub-ADNI022S0096,CN,M,80,sc,MRI,MPRAGE,Original,2006-01-18,DCM,Yes,022_S_0096,30.0,2005-12-09,40,sc,022,2006
I7332,sub-ADNI022S0014,CN,F,79,sc,MRI,MPRAGE,Original,2005-09-29,DCM,Yes,022_S_0014,29.0,2005-09-12,17,sc,022,2005
I287529,sub-ADNI021S4558,CN,F,70,v02,MRI,Accelerated Sag IR-SPGR,Original,2012-03-02,DCM,Yes,021_S_4558,29.0,2012-02-20,11,v01,021,2012
I273577,sub-ADNI021S4421,CN,F,75,v02,MRI,Accelerated Sag IR-SPGR,Original,2011-12-20,DCM,Yes,021_S_4421,26.0,2011-12-07,13,v01,021,2011
I266173,sub-ADNI021S4335,CN,F,72,v02,MRI,Accelerated Sag IR-SPGR,Original,2011-11-11,DCM,Yes,021_S_4335,30.0,2011-10-25,17,v01,021,2011
I260048,sub-ADNI021S4276,CN,F,74,v02,MRI,Accelerated Sag IR-SPGR,Original,2011-10-07,DCM,Yes,021_S_4276,29.0,2011-09-29,8,v01,021,2011
I296963,sub-ADNI021S4254,CN,F,87,v05,MRI,Accelerated Sag IR-SPGR,Original,2012-04-11,DCM,Yes,021_S_4254,29.0,2012-04-02,9,v05,021,2012
I27056,sub-ADNI021S0984,CN,M,77,sc,MRI,MP-RAGE,Original,2006-10-23,DCM,Yes,021_S_0984,30.0,2006-10-10,13,sc,021,2006
I17668,sub-ADNI021S0647,CN,M,73,sc,MRI,MP-RAGE,Original,2006-06-29,DCM,Yes,021_S_0647,30.0,2006-06-06,23,sc,021,2006
I10590,sub-ADNI021S0159,CN,F,78,sc,MRI,MP-RAGE,Original,2006-01-30,DCM,Yes,021_S_0159,30.0,2006-01-18,12,sc,021,2006
I25283,sub-ADNI020S0883,CN,F,76,sc,MRI,MPRAGE,Original,2006-09-15,DCM,Yes,020_S_0883,29.0,2006-09-11,4,sc,020,2006
I9882,sub-ADNI020S0097,CN,F,73,sc,MRI,MPRAGE,Original,2006-01-12,DCM,Yes,020_S_0097,30.0,2005-12-13,30,sc,020,2006
I315857,sub-ADNI019S4835,CN,M,79,v02,MRI,MPRAGE,Original,2012-07-10,DCM,Yes,019_S_4835,26.0,2012-06-28,12,v01,019,2012
I269273,sub-ADNI019S4367,CN,F,65,v02,MRI,MPRAGE,Original,2011-11-30,DCM,Yes,019_S_4367,29.0,2011-11-08,22,v01,019,2011
I273504,sub-ADNI018S4400,CN,M,71,v02,MRI,MPRAGE,Original,2011-12-20,DCM,Yes,018_S_4400,30.0,2011-12-01,19,v01,018,2011
I272231,sub-ADNI018S4399,CN,F,78,v02,MRI,MPRAGE,Original,2011-12-15,DCM,Yes,018_S_4399,28.0,2011-11-30,15,v01,018,2011
I266625,sub-ADNI018S4349,CN,F,71,v02,MRI,MPRAGE,Original,2011-11-15,DCM,Yes,018_S_4349,29.0,2011-11-01,14,v01,018,2011
I268930,sub-ADNI018S4313,CN,F,77,v02,MRI,MPRAGE,Original,2011-11-28,DCM,Yes,018_S_4313,25.0,2011-10-19,40,v01,018,2011
I19182,sub-ADNI018S0055,CN,M,76,m06,MRI,MPRAGE,Original,2006-07-18,DCM,Yes,018_S_0055,29.0,2006-07-18,0,m06,018,2006
I38231,sub-ADNI018S0043,CN,M,78,m12,MRI,MPRAGE,Original,2007-02-06,DCM,Yes,018_S_0043,29.0,2007-02-06,0,m12,018,2007
I337687,sub-ADNI016S4951,CN,F,72,v02,MRI,Accelerated SAG IR-SPGR,Original,2012-10-01,DCM,Yes,016_S_4951,29.0,2012-09-12,19,v01,016,2012
I310326,sub-ADNI016S4688,CN,F,82,v02,MRI,Accelerated SAG IR-SPGR,Original,2012-06-11,DCM,Yes,016_S_4688,30.0,2012-04-16,56,v01,016,2012
I305876,sub-ADNI016S4638,CN,M,74,v02,MRI,Accelerated SAG IR-SPGR,Original,2012-05-21,DCM,Yes,016_S_4638,28.0,2012-03-22,60,v01,016,2012
I246007,sub-ADNI016S4121,CN,M,89,v02,MRI,Accelerated SAG IR-SPGR,Original,2011-07-15,DCM,Yes,016_S_4121,27.0,2011-07-06,9,v01,016,2011
I291667,sub-ADNI014S4577,CN,M,85,v02,MRI,MPRAGE,Original,2012-03-08,DCM,Yes,014_S_4577,29.0,2012-02-28,9,v01,014,2012
I269615,sub-ADNI014S4401,CN,F,68,v02,MRI,MPRAGE,Original,2011-12-02,DCM,Yes,014_S_4401,30.0,2011-11-28,4,v01,014,2011
I243629,sub-ADNI014S4093,CN,F,70,v02,MRI,MPRAGE,Original,2011-07-07,DCM,Yes,014_S_4093,29.0,2011-06-21,16,v01,014,2011
I240491,sub-ADNI014S4080,CN,F,79,v02,MRI,MPRAGE,Original,2011-06-16,DCM,Yes,014_S_4080,28.0,2011-06-08,8,v01,014,2011
I16024,sub-ADNI014S0548,CN,F,74,sc,MRI,MP-RAGE,Original,2006-05-25,DCM,Yes,014_S_0548,29.0,2006-05-09,16,sc,014,2006
I15299,sub-ADNI014S0520,CN,F,78,sc,MRI,MP-RAGE,Original,2006-05-12,DCM,Yes,014_S_0520,30.0,2006-05-02,10,sc,014,2006
I15323,sub-ADNI014S0519,CN,M,74,sc,MRI,MP-RAGE,Original,2006-05-12,DCM,Yes,014_S_0519,29.0,2006-05-02,10,sc,014,2006
I300089,sub-ADNI013S4616,CN,M,85,v02,MRI,MPRAGE,Original,2012-04-19,DCM,Yes,013_S_4616,29.0,2012-03-15,35,v01,013,2012
I296859,sub-ADNI013S4580,CN,F,70,v02,MRI,MPRAGE,Original,2012-04-05,DCM,Yes,013_S_4580,30.0,2012-02-28,37,v01,013,2012
I296776,sub-ADNI013S4579,CN,M,85,v02,MRI,MPRAGE,Original,2012-04-04,DCM,Yes,013_S_4579,30.0,2012-02-28,36,v01,013,2012
I19597,sub-ADNI013S0502,CN,M,75,sc,MRI,MPRAGE,Original,2006-07-25,DCM,Yes,013_S_0502,29.0,2006-05-11,75,sc,013,2006
I297693,sub-ADNI012S4643,CN,F,65,v02,MRI,MPRAGE,Original,2012-04-11,DCM,Yes,012_S_4643,29.0,2012-03-27,15,v01,012,2012
I290413,sub-ADNI012S4545,CN,F,67,v02,MRI,MPRAGE,Original,2012-03-14,DCM,Yes,012_S_4545,30.0,2012-02-13,30,v01,012,2012
I238532,sub-ADNI012S4026,CN,M,74,v02,MRI,MPRAGE,Original,2011-05-26,DCM,Yes,012_S_4026,29.0,2011-04-18,38,v01,012,2011
I36155,sub-ADNI012S1133,CN,F,80,sc,MRI,MPRAGE,Original,2007-01-12,DCM,Yes,012_S_1133,30.0,2006-12-22,21,sc,012,2007
I35550,sub-ADNI012S0637,CN,F,77,m06,MRI,MPRAGE,Original,2007-01-08,DCM,Yes,012_S_0637,30.0,2007-01-08,0,m06,012,2007
I260769,sub-ADNI011S4278,CN,M,75,v02,MRI,MPRAGE,Original,2011-10-13,DCM,Yes,011_S_4278,27.0,2011-09-29,14,v01,011,2011
I256865,sub-ADNI011S4222,CN,F,82,v02,MRI,MPRAGE,Original,2011-09-14,DCM,Yes,011_S_4222,30.0,2011-08-31,14,v01,011,2011
I244900,sub-ADNI011S4120,CN,F,82,v02,MRI,MPRAGE,Original,2011-07-15,DCM,Yes,011_S_4120,30.0,2011-07-06,9,v01,011,2011
I245491,sub-ADNI011S4105,CN,F,71,v02,MRI,MPRAGE,Original,2011-07-08,DCM,Yes,011_S_4105,30.0,2011-06-27,11,v01,011,2011
I239736,sub-ADNI011S4075,CN,M,73,v02,MRI,MPRAGE,Original,2011-06-10,DCM,Yes,011_S_4075,29.0,2011-06-02,8,v01,011,2011
I283915,sub-ADNI010S4442,CN,F,74,v02,MRI,MPRAGE,Original,2012-02-07,DCM,Yes,010_S_4442,30.0,2012-01-20,18,v01,010,2012
I282005,sub-ADNI010S4345,CN,M,70,v02,MRI,MPRAGE,Original,2012-01-24,DCM,Yes,010_S_4345,30.0,2011-11-22,63,v01,010,2012
I30481,sub-ADNI010S0472,CN,M,73,sc,MRI,MPRAGE,Original,2006-11-22,DCM,Yes,010_S_0472,30.0,2006-10-25,28,sc,010,2006
I17078,sub-ADNI010S0420,CN,M,74,sc,MRI,MPRAGE,Original,2006-06-15,DCM,Yes,010_S_0420,29.0,2006-05-12,34,sc,010,2006
I33340,sub-ADNI010S0419,CN,M,71,m06,MRI,MPRAGE,Original,2006-12-15,DCM,Yes,010_S_0419,29.0,2006-12-15,0,m06,010,2006
I294222,sub-ADNI009S4612,CN,F,69,v02,MRI,MPRAGE,Original,2012-03-29,DCM,Yes,009_S_4612,30.0,2012-03-14,15,v01,009,2012
I271895,sub-ADNI009S4388,CN,M,67,v02,MRI,MPRAGE,Original,2011-12-13,DCM,Yes,009_S_4388,29.0,2011-11-21,22,v01,009,2011
I265542,sub-ADNI009S4337,CN,M,72,v02,MRI,MPRAGE,Original,2011-11-07,DCM,Yes,009_S_4337,26.0,2011-10-26,12,v01,009,2011
I25128,sub-ADNI009S0862,CN,F,74,sc,MRI,MP RAGE,Original,2006-09-19,DCM,Yes,009_S_0862,30.0,2006-08-29,21,sc,009,2006
I24339,sub-ADNI009S0842,CN,M,74,sc,MRI,MP RAGE,Original,2006-09-07,DCM,Yes,009_S_0842,28.0,2006-08-23,15,sc,009,2006
I20013,sub-ADNI009S0751,CN,M,71,sc,MRI,MP RAGE,Original,2006-07-25,DCM,Yes,009_S_0751,27.0,2006-07-14,11,sc,009,2006
I368168,sub-ADNI007S4637,CN,F,72,v11,MRI,Accelerated SAG IR-SPGR,Original,2013-04-22,DCM,Yes,007_S_4637,29.0,2013-04-22,0,v11,007,2013
I293942,sub-ADNI007S4620,CN,M,77,v02,MRI,Accelerated SAG IR-SPGR,Original,2012-03-28,DCM,Yes,007_S_4620,30.0,2012-03-19,9,v01,007,2012
I284425,sub-ADNI007S4516,CN,M,71,v02,MRI,Accelerated SAG IR-SPGR,Original,2012-02-13,DCM,Yes,007_S_4516,28.0,2012-01-30,14,v01,007,2012
I281559,sub-ADNI007S4488,CN,M,73,v02,MRI,Accelerated SAG IR-SPGR,Original,2012-01-31,DCM,Yes,007_S_4488,30.0,2012-01-19,12,v01,007,2012
I269927,sub-ADNI007S4387,CN,F,76,v02,MRI,Accelerated SAG IR-SPGR,Original,2011-12-05,DCM,Yes,007_S_4387,29.0,2011-11-21,14,v01,007,2011
I281882,sub-ADNI006S4485,CN,M,73,v02,MRI,MPRAGE,Original,2012-02-01,DCM,Yes,006_S_4485,26.0,2012-01-18,14,v01,006,2012
I279470,sub-ADNI006S4449,CN,F,67,v02,MRI,MPRAGE,Original,2012-01-19,DCM,Yes,006_S_4449,28.0,2012-01-05,14,v01,006,2012
I268919,sub-ADNI006S4357,CN,F,74,v02,MRI,MPRAGE,Original,2011-11-28,DCM,Yes,006_S_4357,30.0,2011-11-02,26,v01,006,2011
I249403,sub-ADNI006S4150,CN,M,74,v02,MRI,MPRAGE,Original,2011-08-08,DCM,Yes,006_S_4150,28.0,2011-07-25,14,v01,006,2011
I325733,sub-ADNI003S4900,CN,F,60,v02,MRI,Accelerated SAG IR-SPGR,Original,2012-08-15,DCM,Yes,003_S_4900,30.0,2012-08-03,12,v01,003,2012
I321379,sub-ADNI003S4872,CN,F,69,v02,MRI,Accelerated SAG IR-SPGR,Original,2012-08-02,DCM,Yes,003_S_4872,26.0,2012-07-19,14,v01,003,2012
I300196,sub-ADNI003S4644,CN,F,68,v02,MRI,Accelerated SAG IR-SPGR,Original,2012-04-19,DCM,Yes,003_S_4644,30.0,2012-03-27,23,v01,003,2012
I291317,sub-ADNI003S4555,CN,F,66,v02,MRI,Accelerated SAG IR-SPGR,Original,2012-03-05,DCM,Yes,003_S_4555,28.0,2012-02-17,17,v01,003,2012
I277118,sub-ADNI003S4441,CN,F,69,v02,MRI,Accelerated SAG IR-SPGR,Original,2012-01-03,DCM,Yes,003_S_4441,30.0,2011-12-20,14,v01,003,2012
I271010,sub-ADNI003S4350,CN,M,73,v02,MRI,Accelerated SAG IR-SPGR,Original,2011-11-09,DCM,Yes,003_S_4350,30.0,2011-10-31,9,v01,003,2011
I262283,sub-ADNI003S4288,CN,F,73,v02,MRI,Accelerated SAG IR-SPGR,Original,2011-10-20,DCM,Yes,003_S_4288,29.0,2011-10-06,14,v01,003,2011
I250900,sub-ADNI003S4119,CN,M,79,v02,MRI,Accelerated SAG IR-SPGR,Original,2011-08-09,DCM,Yes,003_S_4119,30.0,2011-07-06,34,v01,003,2011
I244119,sub-ADNI003S4081,CN,F,73,v02,MRI,Accelerated SAG IR-SPGR,Original,2011-07-05,DCM,Yes,003_S_4081,28.0,2011-06-09,26,v01,003,2011
I25737,sub-ADNI003S0907,CN,F,89,sc,MRI,MPRAGE,Original,2006-09-11,DCM,Yes,003_S_0907,30.0,2006-09-11,0,sc,003,2006
I260581,sub-ADNI002S4270,CN,F,75,v02,MRI,MPRAGE,Original,2011-10-11,DCM,Yes,002_S_4270,28.0,2011-09-27,14,v01,002,2011
I259653,sub-ADNI002S4262,CN,F,73,v02,MRI,MPRAGE,Original,2011-10-05,DCM,Yes,002_S_4262,29.0,2011-09-20,15,v01,002,2011
I257270,sub-ADNI002S4225,CN,M,70,v02,MRI,MPRAGE,Original,2011-09-21,DCM,Yes,002_S_4225,28.0,2011-09-01,20,v01,002,2011
I254582,sub-ADNI002S4213,CN,F,78,v02,MRI,MPRAGE,Original,2011-09-02,DCM,Yes,002_S_4213,28.0,2011-08-23,10,v01,002,2011
I40503,sub-ADNI002S1261,CN,F,71,sc,MRI,MP-RAGE,Original,2007-02-15,DCM,Yes,002_S_1261,30.0,2007-01-30,16,sc,002,2007
I390915,sub-ADNI153S4172,AD,M,78,v21,PET,PET Brain_FDG,Original,2013-09-18,DCM,Yes,153_S_4172,11.0,2013-09-11,7,v21,153,2013
I310964,sub-ADNI137S4756,AD,M,84,v03,PET,ADNI-2-FDG,Original,2012-06-18,DCM,Yes,137_S_4756,24.0,2012-05-21,28,v01,137,2012
I301213,sub-ADNI137S4672,AD,M,67,v03,PET,ADNI-2-FDG,Original,2012-04-30,DCM,Yes,137_S_4672,21.0,2012-04-09,21,v01,137,2012
I261307,sub-ADNI137S4258,AD,M,76,v03,PET,ADNI-2-FDG,Original,2011-10-17,DCM,Yes,137_S_4258,24.0,2011-09-20,27,v01,137,2011
I259503,sub-ADNI137S4211,AD,F,81,v03,PET,ADNI-2-FDG,Original,2011-10-04,DCM,Yes,137_S_4211,22.0,2011-08-23,42,v01,137,2011
I26522,sub-ADNI137S0841,AD,F,77,bl,PET,ADNI Static Brain (6x5),Original,2006-10-18,DCM,Yes,137_S_0841,26.0,2006-09-11,37,sc,137,2006
I15487,sub-ADNI137S0438,AD,M,82,bl,PET,ADNI Static Brain (6x5),Original,2006-05-16,DCM,Yes,137_S_0438,25.0,2006-04-11,35,sc,137,2006
I388226,sub-ADNI135S5275,AD,F,78,v03,PET,BRAIN EMISSION 4i/16s  FDG,Original,2013-09-06,ECAT,Yes,135_S_5275,24.0,2013-07-30,38,v01,135,2013
I347920,sub-ADNI135S5015,AD,F,78,v03,PET,BRAIN EMISSION 4i/16s  FDG,Original,2012-11-26,ECAT,Yes,135_S_5015,23.0,2012-10-30,27,v01,135,2012
I341798,sub-ADNI135S4954,AD,M,61,v03,PET,BRAIN EMISSION 4i/16s  FDG,Original,2012-10-23,ECAT,Yes,135_S_4954,25.0,2012-09-17,36,v01,135,2012
I304885,sub-ADNI135S4676,AD,M,79,v03,PET,BRAIN EMISSION - Iter(Brain  FDG,Original,2012-05-16,ECAT,Yes,135_S_4676,25.0,2012-04-12,34,v01,135,2012
I302417,sub-ADNI135S4657,AD,F,72,v03,PET,BRAIN EMISSION 4i/16s  FDG,Original,2012-05-08,ECAT,Yes,135_S_4657,21.0,2012-04-05,33,v01,135,2012
I369722,sub-ADNI131S5138,AD,M,61,v03,PET,ADNI-2 RECON 1 FDG,Original,2013-04-30,DCM,Yes,131_S_5138,25.0,2013-04-02,28,v01,131,2013
I384169,sub-ADNI130S5231,AD,F,74,v03,PET,ADNI FDG Brain_30min dyn,Original,2013-08-02,DCM,Yes,130_S_5231,26.0,2013-06-17,46,v01,130,2013
I361766,sub-ADNI130S5059,AD,M,72,v03,PET,ADNI FDG Brain_30min dyn,Original,2013-03-01,DCM,Yes,130_S_5059,21.0,2013-01-03,57,v01,130,2013
I349487,sub-ADNI130S5006,AD,F,68,v03,PET,ADNI FDG Brain_30min dyn,Original,2012-12-05,DCM,Yes,130_S_5006,21.0,2012-10-19,47,v01,130,2012
I355070,sub-ADNI130S4997,AD,F,61,v03,PET,ADNI FDG Brain_30min dyn,Original,2013-01-15,DCM,Yes,130_S_4997,19.0,2012-10-15,92,v01,130,2013
I357081,sub-ADNI130S4990,AD,F,75,v03,PET,ADNI FDG Brain_30min dyn,Original,2013-01-30,DCM,Yes,130_S_4990,24.0,2013-04-26,86,v05,130,2013
I344423,sub-ADNI130S4984,AD,F,73,v03,PET,ADNI FDG Brain_30min dyn,Original,2012-11-07,DCM,Yes,130_S_4984,20.0,2012-10-03,35,v01,130,2012
I343069,sub-ADNI130S4982,AD,F,58,v03,PET,ADNI FDG Brain_30min dyn,Original,2012-10-30,DCM,Yes,130_S_4982,21.0,2012-10-02,28,v01,130,2012
I347968,sub-ADNI130S4971,AD,M,77,v03,PET,ADNI FDG Brain_30min dyn,Original,2012-11-27,DCM,Yes,130_S_4971,21.0,2012-09-25,63,v01,130,2012
I307528,sub-ADNI130S4730,AD,F,81,v03,PET,ADNI FDG Brain_30min dyn,Original,2012-06-01,DCM,Yes,130_S_4730,21.0,2012-05-08,24,v01,130,2012
I303026,sub-ADNI130S4660,AD,F,77,v03,PET,ADNI FDG Brain_30min dyn,Original,2012-05-11,DCM,Yes,130_S_4660,24.0,2012-04-03,38,v01,130,2012
I299216,sub-ADNI130S4641,AD,F,74,v03,PET,ADNI FDG Brain_30min dyn,Original,2012-04-20,DCM,Yes,130_S_4641,26.0,2012-03-23,28,v01,130,2012
I296627,sub-ADNI130S4589,AD,F,75,v03,PET,ADNI FDG Brain_30min dyn,Original,2012-04-10,DCM,Yes,130_S_4589,26.0,2012-03-05,36,v01,130,2012
I70976,sub-ADNI130S1290,AD,F,79,bl,PET,PET2ADNI,Original,2007-03-06,DCM,Yes,130_S_1290,25.0,2007-01-30,35,sc,130,2007
I70967,sub-ADNI130S1201,AD,F,76,bl,PET,PET2ADNI,Original,2007-02-07,DCM,Yes,130_S_1201,26.0,2006-12-22,47,sc,130,2007
I363541,sub-ADNI127S5095,AD,M,66,v03,PET,30-60 min dynamic-3D 4i/16s  FDG,Original,2013-03-15,ECAT,Yes,127_S_5095,24.0,2013-02-19,24,v01,127,2013
I359610,sub-ADNI127S5067,AD,M,81,v03,PET,30-60 min dynamic-3D 4i/16s  FDG,Original,2013-02-12,ECAT,Yes,127_S_5067,23.0,2013-01-23,20,v01,127,2013
I359602,sub-ADNI127S5058,AD,M,62,v03,PET,30-60 min dynamic-3D 4i/16s  FDG,Original,2013-02-08,ECAT,Yes,127_S_5058,26.0,2013-01-03,36,v01,127,2013
I354979,sub-ADNI127S5056,AD,M,85,v03,PET,30-60 min dynamic-3D - Iter( FDG,Original,2013-01-10,ECAT,Yes,127_S_5056,20.0,2012-12-11,30,v01,127,2013
I349869,sub-ADNI127S5028,AD,M,62,v03,PET,30-60 min dynamic-3D 4i/16s  FDG,Original,2012-12-06,ECAT,Yes,127_S_5028,23.0,2012-11-07,29,v01,127,2012
I348821,sub-ADNI127S4992,AD,F,64,v03,PET,30-60 min dynamic-3D - Iter( FDG,Original,2012-11-15,ECAT,Yes,127_S_4992,22.0,2012-10-11,35,v01,127,2012
I338471,sub-ADNI127S4940,AD,M,89,v03,PET,30-60 min dynamic-3D 4i/16s  FDG,Original,2012-10-05,ECAT,Yes,127_S_4940,24.0,2012-09-06,29,v01,127,2012
I286445,sub-ADNI127S4500,AD,F,90,v03,PET,30-60 min dynamic-3D - Iter( FDG,Original,2012-02-24,ECAT,Yes,127_S_4500,22.0,2012-01-25,30,v01,127,2012
I303383,sub-ADNI126S4686,AD,M,72,v03,PET,ADNI GO PRIMARY  FDG,Original,2012-05-09,DCM,Yes,126_S_4686,25.0,2012-04-16,23,v01,126,2012
I286902,sub-ADNI126S4494,AD,M,71,v03,PET,ADNI GO PRIMARY  FDG,Original,2012-02-28,DCM,Yes,126_S_4494,25.0,2012-01-23,36,v01,126,2012
I27265,sub-ADNI126S0891,AD,F,79,bl,PET,ADNI Static Brain (6x5),Original,2006-10-24,DCM,Yes,126_S_0891,22.0,2006-09-14,40,sc,126,2006
I284852,sub-ADNI123S4526,AD,M,80,v03,PET,PET2 FDG,Original,2012-02-14,DCM,Yes,123_S_4526,22.0,2012-02-03,11,v01,123,2012
I310989,sub-ADNI116S4732,AD,M,77,v03,PET,ADNI_3D_Brain_ITERATIVE  FDG,Original,2012-06-18,DCM,Yes,116_S_4732,21.0,2012-05-09,40,v01,116,2012
I306260,sub-ADNI116S4625,AD,M,64,v03,PET,ADNI_3D_Brain_ITERATIVE  FDG,Original,2012-04-20,DCM,Yes,116_S_4625,22.0,2012-03-20,31,v01,116,2012
I269091,sub-ADNI116S4338,AD,M,81,v03,PET,ADNI_3D_Brain_ITERATIVE  FDG,Original,2011-11-28,DCM,Yes,116_S_4338,21.0,2011-10-26,33,v01,116,2011
I258037,sub-ADNI116S4209,AD,F,78,v03,PET,ADNI_3D_Brain_ITERATIVE  FDG,Original,2011-09-23,DCM,Yes,116_S_4209,23.0,2011-08-22,32,v01,116,2011
I256953,sub-ADNI116S4195,AD,M,62,v03,PET,ADNI_3D_Brain_ITERATIVE  FDG,Original,2011-09-19,DCM,Yes,116_S_4195,21.0,2011-08-15,35,v01,116,2011
I280268,sub-ADNI114S4379,AD,F,88,v03,PET,ADNI Brain PET: Raw FDG,Original,2012-01-23,DCM,Yes,114_S_4379,25.0,2011-11-14,70,v01,114,2012
I50455,sub-ADNI114S0374,AD,F,77,m12,PET,ADNI Brain PET: Raw,Original,2007-04-20,DCM,Yes,114_S_0374,24.0,2007-04-16,4,m12,114,2007
I35413,sub-ADNI109S1157,AD,F,85,bl,PET,30 MIN 3D FDG 6i/16s,Original,2007-01-08,ECAT,Yes,109_S_1157,21.0,2006-12-04,35,sc,109,2007
I29657,sub-ADNI109S0777,AD,F,75,bl,PET,30 Min 3D FDG 6i/16s,Original,2006-10-02,ECAT,Yes,109_S_0777,22.0,2006-07-24,70,sc,109,2006
I378591,sub-ADNI100S5106,AD,M,74,v03,PET,ADNI-2_3D Iterative Brain  FDG,Original,2013-06-28,DCM,Yes,100_S_5106,20.0,2013-03-14,106,v01,100,2013
I41588,sub-ADNI100S0743,AD,M,86,m06,PET,BRAIN,Original,2007-02-26,DCM,Yes,100_S_0743,11.0,2007-02-26,0,m06,100,2007
I354925,sub-ADNI099S4994,AD,M,85,v03,PET,PET WB FDG,Original,2013-01-11,DCM,Yes,099_S_4994,21.0,2012-10-11,92,v01,099,2013
I15797,sub-ADNI099S0470,AD,F,87,bl,PET,PET WB,Original,2006-05-19,DCM,Yes,099_S_0470,21.0,2006-04-19,30,sc,099,2006
I262237,sub-ADNI098S4215,AD,M,82,v03,PET,ADNI_BRAIN_3D  FDG,Original,2011-10-21,DCM,Yes,098_S_4215,26.0,2011-08-24,58,v01,098,2011
I261403,sub-ADNI098S4201,AD,F,64,v03,PET,ADNI_BRAIN_3D  FDG,Original,2011-10-14,DCM,Yes,098_S_4201,24.0,2011-08-17,58,v01,098,2011
I314610,sub-ADNI094S4737,AD,F,75,v03,PET,30MIN 3D FDG 4i/16s,Original,2012-07-05,ECAT,Yes,094_S_4737,23.0,2012-05-16,50,v01,094,2012
I269101,sub-ADNI094S4282,AD,M,90,v03,PET,30MIN 3D FDG 4i/16s,Original,2011-11-28,ECAT,Yes,094_S_4282,23.0,2011-10-06,53,v01,094,2011
I246999,sub-ADNI094S4089,AD,M,74,v03,PET,30MIN 3D FDG 4i/16s,Original,2011-07-26,ECAT,Yes,094_S_4089,24.0,2011-06-16,40,v01,094,2011
I57167,sub-ADNI094S1397,AD,F,55,bl,PET,30MIN 3D FDG 4i/16s,Original,2007-06-15,ECAT,Yes,094_S_1397,24.0,2007-04-17,59,sc,094,2007
I37168,sub-ADNI094S1164,AD,F,70,bl,PET,30MIN 3D FDG 4i/16s,Original,2007-01-18,ECAT,Yes,094_S_1164,21.0,2006-12-05,44,sc,094,2007
I375091,sub-ADNI082S5184,AD,F,73,v03,PET,PET Brain  FDG,Original,2013-06-03,DCM,Yes,082_S_5184,26.0,2013-05-13,21,v01,082,2013
I381397,sub-ADNI073S5090,AD,M,59,v03,PET,"Dyn_ADNI-GO(128x,4i20s,256mmFOV,NoFilter)  FDG",Original,2013-07-15,DCM,Yes,073_S_5090,22.0,2013-02-07,158,v01,073,2013
I365776,sub-ADNI073S5016,AD,F,65,v03,PET,"Dyn_ADNI-GO(128x,4i20s,256mmFOV,NoFilter)  FDG",Original,2013-04-02,DCM,Yes,073_S_5016,26.0,2012-10-25,159,v01,073,2013
I326313,sub-ADNI073S4853,AD,F,71,v03,PET,"Dyn_ADNI-GO(128x,4i20s,256mmFOV,NoFilter)  FDG",Original,2012-08-21,DCM,Yes,073_S_4853,26.0,2012-07-11,41,v01,073,2012
I311654,sub-ADNI070S4719,AD,F,79,v03,PET,FORE-ITERATIVEFDG6X5MIN3DBASELINE,Original,2012-06-20,DCM,Yes,070_S_4719,22.0,2012-05-02,49,v01,070,2012
I307844,sub-ADNI070S4692,AD,M,83,v03,PET,FORE-ITERATIVE6X5MIN3DFDGBASELINE,Original,2012-05-22,DCM,Yes,070_S_4692,23.0,2012-04-17,35,v01,070,2012
I421578,sub-ADNI068S5146,AD,F,73,v03,PET,PET AC 3D Brain ADNI-GO FDG,Original,2013-06-14,DCM,Yes,068_S_5146,25.0,2013-04-22,53,v01,068,2013
I364476,sub-ADNI068S4968,AD,M,79,v03,PET,PET AC 3D Brain ADNI-GO FDG,Original,2013-03-26,DCM,Yes,068_S_4968,20.0,2013-01-10,75,v01,068,2013
I334548,sub-ADNI068S4859,AD,M,72,v03,PET,PET AC 3D Brain ADNI-GO FDG,Original,2012-09-14,DCM,Yes,068_S_4859,24.0,2012-07-12,64,v01,068,2012
I379047,sub-ADNI067S5205,AD,F,59,v03,PET,FDG_Dyn_6x5min_2Di_336_2z_AllPass (AC),Original,2013-07-01,DCM,Yes,067_S_5205,20.0,2013-05-28,34,v01,067,2013
I312657,sub-ADNI067S4728,AD,M,82,v03,PET,FDG_Dyn_6x5min_2Di_336_2z_AllPass (AC),Original,2012-06-20,DCM,Yes,067_S_4728,22.0,2012-05-11,40,v01,067,2012
I50541,sub-ADNI057S1379,AD,M,88,bl,PET,ADNI Static Brain (6x5),Original,2007-04-24,DCM,Yes,057_S_1379,24.0,2007-02-26,57,sc,057,2007
I52697,sub-ADNI057S1373,AD,M,76,bl,PET,ADNI Static Brain (6x5),Original,2007-05-01,DCM,Yes,057_S_1373,21.0,2007-02-23,67,sc,057,2007
I141292,sub-ADNI057S1371,AD,M,86,m24,PET,3D_Brain,Original,2009-04-09,DCM,Yes,057_S_1371,26.0,2009-04-09,0,m24,057,2009
I16782,sub-ADNI057S0474,AD,F,78,bl,PET,ADNI Static Brain (6x5),Original,2006-05-30,DCM,Yes,057_S_0474,26.0,2006-04-21,39,sc,057,2006
I364171,sub-ADNI052S5062,AD,F,71,v03,PET,ADNI Brain PET: Raw FDG,Original,2013-03-20,DCM,Yes,052_S_5062,26.0,2013-01-10,69,v01,052,2013
I364170,sub-ADNI052S4959,AD,M,78,v03,PET,ADNI Brain PET: Raw FDG,Original,2013-03-20,DCM,Yes,052_S_4959,25.0,2013-02-01,47,v01,052,2013
I348148,sub-ADNI051S5005,AD,M,78,v03,PET,3D BRAIN ADNI-2 ITERATIVE_FDG,Original,2012-11-21,DCM,Yes,051_S_5005,21.0,2012-10-19,33,v01,051,2012
I348440,sub-ADNI051S4980,AD,M,87,v03,PET,3D BRAIN ADNI-2 ITERATIVE_FDG,Original,2012-11-28,DCM,Yes,051_S_4980,23.0,2012-10-02,57,v01,051,2012
I375471,sub-ADNI037S5162,AD,M,69,v03,PET,6 fr FDG Brain,Original,2013-06-06,DCM,Yes,037_S_5162,24.0,2013-04-22,45,v01,037,2013
I336788,sub-ADNI037S4879,AD,F,80,v03,PET,fdg 4i/16s  FDG,Original,2012-09-26,ECAT,Yes,037_S_4879,26.0,2012-08-20,37,v01,037,2012
I317459,sub-ADNI037S4770,AD,M,76,v03,PET,fdg 4i/16s  FDG,Original,2012-07-20,ECAT,Yes,037_S_4770,19.0,2012-06-06,44,v01,037,2012
I222719,sub-ADNI037S4001,AD,F,89,v03,PET,fdg 4i/16s  FDG,Original,2011-03-07,ECAT,Yes,037_S_4001,20.0,2011-02-14,21,v01,037,2011
I20506,sub-ADNI037S0627,AD,F,59,bl,PET,ADNI BRAIN,Original,2006-08-14,DCM,Yes,037_S_0627,23.0,2006-05-31,75,sc,037,2006
I377508,sub-ADNI036S5210,AD,M,86,v03,PET,30 MIN 3D FDG 4i/16s,Original,2013-06-20,ECAT,Yes,036_S_5210,20.0,2013-05-30,21,v01,036,2013
I372115,sub-ADNI036S5112,AD,F,75,v03,PET,30 MIN 3D FDG 4i/16s,Original,2013-05-13,ECAT,Yes,036_S_5112,25.0,2013-03-04,70,v01,036,2013
I358620,sub-ADNI036S5063,AD,F,72,v03,PET,30 MIN 3D FDG 4i/16s,Original,2013-02-11,ECAT,Yes,036_S_5063,25.0,2013-01-15,27,v01,036,2013
I330047,sub-ADNI036S4894,AD,F,61,v03,PET,30 MIN 3D FDG 4i/16s,Original,2012-09-04,ECAT,Yes,036_S_4894,22.0,2012-07-26,40,v01,036,2012
I24208,sub-ADNI036S0760,AD,F,70,bl,PET,30 MIN 3D FDG 4i/16s,Original,2006-09-13,ECAT,Yes,036_S_0760,25.0,2006-08-14,30,sc,036,2006
I334135,sub-ADNI035S4783,AD,M,83,v03,PET,ADNI-FDG BRAIN (AC),Original,2012-09-07,DCM,Yes,035_S_4783,24.0,2012-06-12,87,v01,035,2012
I364519,sub-ADNI033S5087,AD,F,65,v03,PET,ADNI ITERATIVE FDG,Original,2013-03-26,DCM,Yes,033_S_5087,25.0,2013-02-07,47,v01,033,2013
I347569,sub-ADNI033S5017,AD,M,84,v03,PET,ADNI ITERATIVE FDG,Original,2012-11-20,DCM,Yes,033_S_5017,20.0,2012-10-25,26,v01,033,2012
I347309,sub-ADNI033S5013,AD,F,68,v03,PET,ADNI ITERATIVE FDG,Original,2012-11-19,DCM,Yes,033_S_5013,25.0,2012-10-24,26,v01,033,2012
I44916,sub-ADNI033S1285,AD,F,80,bl,PET,ADNI STATIC BRAIN,Original,2007-03-15,DCM,Yes,033_S_1285,26.0,2007-01-29,45,sc,033,2007
I233390,sub-ADNI031S4024,AD,F,56,v03,PET,EMISSION 4i/16s  AV45,Original,2011-05-02,ECAT,Yes,031_S_4024,25.0,2011-04-11,21,v01,031,2011
I341680,sub-ADNI027S4964,AD,M,81,v03,PET,ADNI Brain PET: Raw FDG,Original,2012-10-22,DCM,Yes,027_S_4964,23.0,2012-09-18,34,v01,027,2012
I340972,sub-ADNI027S4962,AD,F,80,v03,PET,ADNI Brain PET: Raw FDG,Original,2012-10-18,DCM,Yes,027_S_4962,22.0,2012-09-17,31,v01,027,2012
I319568,sub-ADNI027S4802,AD,M,83,v03,PET,ADNI Brain PET: Raw FDG,Original,2012-07-30,DCM,Yes,027_S_4802,26.0,2012-06-26,34,v01,027,2012
I316963,sub-ADNI027S4801,AD,M,78,v03,PET,ADNI Brain PET: Raw FDG,Original,2012-07-19,DCM,Yes,027_S_4801,22.0,2012-06-11,38,v01,027,2012
I353257,sub-ADNI024S5054,AD,F,74,v03,PET,30 min FDG 4i/16s,Original,2013-01-04,ECAT,Yes,024_S_5054,26.0,2012-12-07,28,v01,024,2013
I331948,sub-ADNI024S4905,AD,F,73,v03,PET,30 min FDG 4i/16s,Original,2012-09-07,ECAT,Yes,024_S_4905,26.0,2012-08-13,25,v01,024,2012
I265145,sub-ADNI024S4280,AD,M,80,v03,PET,30 min FDG 4i/16s,Original,2011-10-28,ECAT,Yes,024_S_4280,24.0,2011-10-03,25,v01,024,2011
I258274,sub-ADNI024S4223,AD,M,76,v03,PET,30 min FDG 4i/16s,Original,2011-09-26,ECAT,Yes,024_S_4223,23.0,2011-09-01,25,v01,024,2011
I44480,sub-ADNI024S1307,AD,F,75,bl,PET,30 min 3D FDG 4i/16s,Original,2007-03-12,ECAT,Yes,024_S_1307,24.0,2007-02-02,38,sc,024,2007
I395982,sub-ADNI023S5241,AD,M,88,v03,PET,PET Brain FDG,Original,2013-10-25,DCM,Yes,023_S_5241,22.0,2013-06-25,122,v01,023,2013
I377544,sub-ADNI023S5120,AD,M,81,v03,PET,PET Brain FDG,Original,2013-06-20,DCM,Yes,023_S_5120,26.0,2013-04-11,70,v01,023,2013
I305142,sub-ADNI023S4501,AD,M,79,v03,PET,PET Brain FDG,Original,2012-05-17,DCM,Yes,023_S_4501,22.0,2012-03-07,71,v01,023,2012
I33013,sub-ADNI022S0543,AD,F,73,m06,PET,ADNI Brain PET: Raw,Original,2006-12-11,DCM,Yes,022_S_0543,17.0,2006-12-01,10,m06,022,2006
I16827,sub-ADNI022S0219,AD,M,75,bl,PET,022_S_0219.img: BRAIN-PASS2*,Original,2006-06-09,DCM,Yes,022_S_0219,22.0,2006-02-10,119,sc,022,2006
I337713,sub-ADNI021S4924,AD,M,77,v03,PET,PET3DBRAINOSEM FDG,Original,2012-09-27,DCM,Yes,021_S_4924,20.0,2012-08-28,30,v01,021,2012
I310447,sub-ADNI021S4718,AD,M,79,v03,PET,3D PET BRAIN ADNI-2 FDG I,Original,2012-05-29,DCM,Yes,021_S_4718,20.0,2012-05-01,28,v01,021,2012
I35715,sub-ADNI021S1109,AD,F,78,bl,PET,ADNISTATICBRAIN6X5,Original,2007-01-10,DCM,Yes,021_S_1109,21.0,2006-11-13,58,sc,021,2007
I19661,sub-ADNI021S0642,AD,M,85,bl,PET,ADNIStaciBrain6x5,Original,2006-07-26,DCM,Yes,021_S_0642,25.0,2006-06-02,54,sc,021,2006
I13509,sub-ADNI020S0213,AD,M,63,bl,PET,PET Brain 168x168,Original,2006-04-13,DCM,Yes,020_S_0213,24.0,2006-02-15,57,sc,020,2006
I346930,sub-ADNI019S5019,AD,F,63,v03,PET,ADNI FDG 6X5,Original,2012-11-16,DCM,Yes,019_S_5019,21.0,2012-10-26,21,v01,019,2012
I348409,sub-ADNI019S5012,AD,M,76,v03,PET,ADNI FDG 6X5,Original,2012-11-29,DCM,Yes,019_S_5012,25.0,2012-10-24,36,v01,019,2012
I302307,sub-ADNI019S4549,AD,M,79,v03,PET,ADNI FDG 6X5,Original,2012-05-08,DCM,Yes,019_S_4549,21.0,2012-04-10,28,v01,019,2012
I282117,sub-ADNI019S4477,AD,F,82,v03,PET,019-4477-FDG,Original,2012-01-31,DCM,Yes,019_S_4477,21.0,2012-01-13,18,v01,019,2012
I264555,sub-ADNI019S4252,AD,F,87,v03,PET,019-S-4252-FDG/,Original,2011-10-19,DCM,Yes,019_S_4252,22.0,2011-09-16,33,v01,019,2011
I397377,sub-ADNI018S5240,AD,F,63,v03,PET,3D BRAIN FDG FORE,Original,2013-10-01,DCM,Yes,018_S_5240,20.0,2013-06-24,99,v01,018,2013
I324246,sub-ADNI018S4733,AD,M,76,v03,PET,3D BRAIN FDG FORE,Original,2012-08-14,DCM,Yes,018_S_4733,26.0,2012-05-10,96,v01,018,2012
I328083,sub-ADNI018S4696,AD,F,73,v03,PET,3D BRAIN FDG FORE,Original,2012-08-21,DCM,Yes,018_S_4696,16.0,2012-11-01,72,v05,018,2012
I19793,sub-ADNI018S0682,AD,M,68,bl,PET,ADNI Static Brain (6x5),Original,2006-07-25,DCM,Yes,018_S_0682,26.0,2006-06-20,35,sc,018,2006
I16745,sub-ADNI018S0286,AD,M,66,bl,PET,ADNI Static Brain (6x5),Original,2006-05-17,DCM,Yes,018_S_0286,26.0,2006-03-01,77,sc,018,2006
I395034,sub-ADNI016S5251,AD,F,66,v03,PET,ADNI2 FDG (AC),Original,2013-10-18,DCM,Yes,016_S_5251,26.0,2013-07-01,109,v01,016,2013
I365571,sub-ADNI016S5057,AD,M,76,v03,PET,PET (AC) FDG,Original,2013-04-05,DCM,Yes,016_S_5057,26.0,2012-12-11,115,v01,016,2013
I366428,sub-ADNI016S5032,AD,F,78,v03,PET,ADNI2 FDG (AC),Original,2013-04-11,DCM,Yes,016_S_5032,23.0,2013-08-29,140,v05,016,2013
I337384,sub-ADNI016S4887,AD,M,74,v03,PET,ADNI2 FDG (AC),Original,2012-10-01,DCM,Yes,016_S_4887,26.0,2012-07-25,68,v01,016,2012
I296437,sub-ADNI016S4591,AD,F,66,v03,PET,PET-AC Volume (Corrected)  FDG,Original,2012-04-06,DCM,Yes,016_S_4591,23.0,2012-03-05,32,v01,016,2012
I308715,sub-ADNI016S4583,AD,M,87,v03,PET,PET AC (AC)  FDG,Original,2012-06-05,DCM,Yes,016_S_4583,23.0,2012-02-29,97,v01,016,2012
I281548,sub-ADNI016S4353,AD,F,56,v03,PET,PET-AC Volume (Corrected)  FDG,Original,2012-01-31,DCM,Yes,016_S_4353,26.0,2011-11-01,91,v01,016,2012
I376574,sub-ADNI016S4009,AD,M,92,v21,PET,ADNI2 FDG (AC),Original,2013-06-14,DCM,Yes,016_S_4009,25.0,2013-06-14,0,v21,016,2013
I43206,sub-ADNI016S0991,AD,F,87,bl,PET,PET Brain,Original,2007-03-07,DCM,Yes,016_S_0991,21.0,2007-06-04,89,m06,016,2007
I301125,sub-ADNI014S4615,AD,M,87,v03,PET,ADNI Brain PET: Raw FDG,Original,2012-04-30,DCM,Yes,014_S_4615,26.0,2012-03-15,46,v01,014,2012
I246749,sub-ADNI014S4039,AD,M,56,v03,PET,ADNI Brain PET: Raw FDG,Original,2011-07-15,DCM,Yes,014_S_4039,21.0,2011-04-27,79,v01,014,2011
I363788,sub-ADNI013S5071,AD,M,76,v03,PET,3D_IT  FDG,Original,2013-03-12,DCM,Yes,013_S_5071,19.0,2013-01-22,49,v01,013,2013
I23221,sub-ADNI012S0720,AD,F,78,bl,PET,ADNIstaticBrain(6x5),Original,2006-08-23,DCM,Yes,012_S_0720,23.0,2006-07-05,49,sc,012,2006
I36225,sub-ADNI012S0712,AD,M,77,m06,PET,ADNIstaticBrain(6x5),Original,2007-01-16,DCM,Yes,012_S_0712,24.0,2007-01-16,0,m06,012,2007
I339442,sub-ADNI011S4949,AD,F,78,v03,PET,ADNI2 FDG (AC),Original,2012-10-10,DCM,Yes,011_S_4949,25.0,2012-09-11,29,v01,011,2012
I334276,sub-ADNI011S4912,AD,F,69,v03,PET,ADNI2 FDG (AC),Original,2012-09-14,DCM,Yes,011_S_4912,21.0,2012-08-17,28,v01,011,2012
I331947,sub-ADNI011S4906,AD,F,76,v03,PET,ADNI2 FDG (AC),Original,2012-09-06,DCM,Yes,011_S_4906,24.0,2012-08-07,30,v01,011,2012
I316506,sub-ADNI011S4845,AD,F,68,v03,PET,FDG (AC),Original,2012-07-17,DCM,Yes,011_S_4845,22.0,2012-07-05,12,v01,011,2012
I317112,sub-ADNI011S4827,AD,M,71,v03,PET,ADNI2 FDG (AC),Original,2012-07-19,DCM,Yes,011_S_4827,26.0,2012-06-26,23,v01,011,2012
I385602,sub-ADNI009S5252,AD,M,57,v03,PET,ADNIGO - FDG BRAIN STUDY,Original,2013-08-15,DCM,Yes,009_S_5252,25.0,2013-07-01,45,v01,009,2013
I384352,sub-ADNI009S5224,AD,M,78,v03,PET,ADNIGO - FDG BRAIN STUDY,Original,2013-08-05,DCM,Yes,009_S_5224,25.0,2013-06-10,56,v01,009,2013
I358458,sub-ADNI009S5037,AD,M,68,v03,PET,ADNIGO - FDG BRAIN STUDY,Original,2013-02-08,DCM,Yes,009_S_5037,24.0,2012-11-16,84,v01,009,2013
I354612,sub-ADNI009S5027,AD,M,76,v03,PET,ADNIGO - AV45 BRAIN STUDY,Original,2013-01-10,DCM,Yes,009_S_5027,22.0,2012-11-05,66,v01,009,2013
I376922,sub-ADNI007S5196,AD,F,73,v03,PET,TRANSAXIAL:BRAIN 3D:AMYVID:IR CTAC NF  AV45,Original,2013-06-17,DCM,Yes,007_S_5196,21.0,2013-05-20,28,v01,007,2013
I332705,sub-ADNI007S4911,AD,M,75,v03,PET,TRANSAXIAL:BRAIN 3D:FDG:IR CTAC NF,Original,2012-09-10,DCM,Yes,007_S_4911,21.0,2012-08-16,25,v01,007,2012
I291111,sub-ADNI007S4568,AD,F,71,v03,PET,TRANSAXIAL:BRAIN 3D:FDG:IR CTAC NF,Original,2012-03-19,DCM,Yes,007_S_4568,23.0,2012-02-23,25,v01,007,2012
I47688,sub-ADNI007S1339,AD,F,80,bl,PET,TRANSAXIAL:BRAIN 3D:FDG:ADNI CTAC,Original,2007-03-28,DCM,Yes,007_S_1339,25.0,2007-02-22,34,sc,007,2007
I326312,sub-ADNI006S4867,AD,M,75,v03,PET,Adni AV45 4 X 300 4i/16s,Original,2012-08-21,ECAT,Yes,006_S_4867,23.0,2012-07-18,34,v01,006,2012
I300033,sub-ADNI006S4546,AD,M,71,v03,PET,ADNI_FDG 6F 4i/16s,Original,2012-04-19,ECAT,Yes,006_S_4546,25.0,2012-02-13,66,v01,006,2012
I267973,sub-ADNI006S4192,AD,M,83,v03,PET,ADNI_FDG 6F 4i/16s,Original,2011-11-14,ECAT,Yes,006_S_4192,19.0,2011-08-15,91,v01,006,2011
I256062,sub-ADNI006S4153,AD,M,79,v03,PET,ADNIGo_FDG 6F 4i/16s,Original,2011-09-09,ECAT,Yes,006_S_4153,22.0,2011-07-26,45,v01,006,2011
I25537,sub-ADNI006S0653,AD,F,74,bl,PET,33f  ADNI 4i/16s,Original,2006-10-02,ECAT,Yes,006_S_0653,20.0,2006-10-02,0,sc,006,2006
I43271,sub-ADNI006S0547,AD,M,76,m06,PET, 4i/16s,Original,2007-03-05,ECAT,Yes,006_S_0547,23.0,2007-03-06,1,m06,006,2007
I368942,sub-ADNI005S5119,AD,F,77,v03,PET,30 min 3D FDG - Iter(Brain Mode,Original,2013-04-26,ECAT,Yes,005_S_5119,23.0,2013-03-08,49,v01,005,2013
I355050,sub-ADNI005S5038,AD,M,82,v03,PET,30 min 3D FDG - Iter(Brain Mode,Original,2013-01-14,ECAT,Yes,005_S_5038,25.0,2012-11-16,59,v01,005,2013
I341301,sub-ADNI005S4910,AD,F,82,v03,PET,30 min 3D FDG - Iter(Brain Mode,Original,2012-10-19,ECAT,Yes,005_S_4910,25.0,2012-08-15,65,v01,005,2012
I308413,sub-ADNI005S4707,AD,M,68,v03,PET,30 min 3D FDG - Iter(Brain Mode,Original,2012-06-05,ECAT,Yes,005_S_4707,21.0,2012-04-26,40,v01,005,2012
I51894,sub-ADNI005S1341,AD,F,72,bl,PET,30 min 3D FDG - Iter(Brain Mode,Original,2007-04-27,ECAT,Yes,005_S_1341,24.0,2007-02-20,66,sc,005,2007
I30155,sub-ADNI005S0929,AD,M,82,bl,PET,30 min 3D FDG 4i/16s,Original,2006-11-20,ECAT,Yes,005_S_0929,27.0,2006-09-18,63,sc,005,2006
I384254,sub-ADNI003S5187,AD,F,62,v03,PET,"FDG, combined series",Original,2013-06-21,DCM,Yes,003_S_5187,24.0,2013-05-10,42,v01,003,2013
I384725,sub-ADNI003S5165,AD,M,79,v03,PET,ADNI (AC)  FDG,Original,2013-06-13,DCM,Yes,003_S_5165,23.0,2013-04-24,50,v01,003,2013
I333845,sub-ADNI003S4892,AD,F,75,v03,PET,ADNI (AC)  FDG,Original,2012-09-11,DCM,Yes,003_S_4892,24.0,2012-07-26,47,v01,003,2012
I279591,sub-ADNI003S4373,AD,F,71,v03,PET,ADNI (AC)  FDG,Original,2012-01-19,DCM,Yes,003_S_4373,20.0,2011-11-10,70,v01,003,2012
I259018,sub-ADNI003S4152,AD,M,61,v03,PET,ADNI (AC)  FDG,Original,2011-09-27,DCM,Yes,003_S_4152,20.0,2011-07-26,63,v01,003,2011
I257001,sub-ADNI003S4136,AD,M,67,v03,PET,ADNI (AC)  FDG,Original,2011-08-23,DCM,Yes,003_S_4136,24.0,2011-07-19,35,v01,003,2011
I36366,sub-ADNI003S1059,AD,F,85,bl,PET,PET WB,Original,2007-01-10,DCM,Yes,003_S_1059,25.0,2006-10-26,76,sc,003,2007
I346569,sub-ADNI002S5018,AD,M,73,v03,PET,ADNI Brain PET: Raw FDG,Original,2012-11-14,DCM,Yes,002_S_5018,23.0,2012-10-25,20,v01,002,2012
I283469,sub-ADNI941S4376,CN,F,77,v03,PET,ADNI Brain PET: Raw FDG,Original,2012-02-08,DCM,Yes,941_S_4376,29.0,2011-11-15,85,v01,941,2012
I274743,sub-ADNI941S4365,CN,M,80,v03,PET,ADNI Brain PET: Raw FDG,Original,2011-12-30,DCM,Yes,941_S_4365,29.0,2011-11-08,52,v01,941,2011
I277675,sub-ADNI941S4292,CN,M,71,v03,PET,ADNI Brain PET: Raw FDG,Original,2012-01-13,DCM,Yes,941_S_4292,28.0,2011-10-14,91,v01,941,2012
I256708,sub-ADNI941S4100,CN,F,79,v03,PET,ADNI Brain PET: Raw FDG,Original,2011-09-18,DCM,Yes,941_S_4100,28.0,2011-06-27,83,v01,941,2011
I252614,sub-ADNI941S4066,CN,F,79,v03,PET,ADNI Brain PET: Raw FDG,Original,2011-08-24,DCM,Yes,941_S_4066,29.0,2011-05-23,93,v01,941,2011
I41450,sub-ADNI941S1197,CN,F,83,bl,PET,ADNI Brain PET: Raw,Original,2007-02-16,DCM,Yes,941_S_1197,30.0,2007-01-05,42,sc,941,2007
I401207,sub-ADNI153S4372,CN,F,72,v21,PET,PET Brain_FDG,Original,2013-12-11,DCM,Yes,153_S_4372,30.0,2013-12-10,1,v21,153,2013
I389757,sub-ADNI153S4151,CN,M,74,v21,PET,PET Brain_FDG,Original,2013-09-12,DCM,Yes,153_S_4151,26.0,2013-09-10,2,v21,153,2013
I252965,sub-ADNI153S4139,CN,F,71,v03,PET,FDG PET BRAIN 2,Original,2011-08-26,DCM,Yes,153_S_4139,29.0,2011-07-19,38,v01,153,2011
I249084,sub-ADNI153S4125,CN,F,76,v03,PET,PET BRAIN 1  FDG,Original,2011-08-05,DCM,Yes,153_S_4125,30.0,2011-07-07,29,v01,153,2011
I229126,sub-ADNI141S0767,CN,F,77,m48,PET,ADNI Brain PET: Raw FDG,Original,2010-10-20,DCM,Yes,141_S_0767,30.0,2010-09-28,22,m48,141,2010
I313132,sub-ADNI137S4632,CN,M,68,v03,PET,ADNI-2-FDG,Original,2012-06-26,DCM,Yes,137_S_4632,29.0,2012-03-21,97,v01,137,2012
I301359,sub-ADNI137S4587,CN,F,66,v03,PET,ADNI-2-FDG,Original,2012-05-01,DCM,Yes,137_S_4587,29.0,2012-03-02,60,v01,137,2012
I293465,sub-ADNI137S4520,CN,M,68,v03,PET,ADNI-2-FDG,Original,2012-03-26,DCM,Yes,137_S_4520,30.0,2012-01-31,55,v01,137,2012
I288375,sub-ADNI137S4482,CN,F,77,v03,PET,ADNI-2-FDG,Original,2012-03-06,DCM,Yes,137_S_4482,28.0,2012-01-17,49,v01,137,2012
I287895,sub-ADNI137S4466,CN,M,80,v03,PET,ADNI-2-FDG,Original,2012-03-05,DCM,Yes,137_S_4466,30.0,2012-01-11,54,v01,137,2012
I208237,sub-ADNI137S0972,CN,M,82,m48,PET,ADNI-GO-FDG,Original,2010-12-09,DCM,Yes,137_S_0972,26.0,2010-12-07,2,m48,137,2010
I29488,sub-ADNI137S0459,CN,M,74,m06,PET,ADNI Static Brain (6x5),Original,2006-11-14,DCM,Yes,137_S_0459,29.0,2006-11-14,0,m06,137,2006
I13923,sub-ADNI137S0283,CN,M,79,bl,PET,ADNI Static Brain (6x5),Original,2006-04-20,DCM,Yes,137_S_0283,28.0,2006-02-20,59,sc,137,2006
I300794,sub-ADNI136S4433,CN,F,77,v03,PET,ADNI_VUE_POINT_IT FDG 3D,Original,2012-04-18,DCM,Yes,136_S_4433,30.0,2011-12-16,124,v01,136,2012
I273154,sub-ADNI136S4269,CN,F,66,v03,PET,ADNI_VUE_POINT_IT FDG 3D,Original,2011-12-19,DCM,Yes,136_S_4269,30.0,2011-10-03,77,v01,136,2011
I295075,sub-ADNI135S4566,CN,F,84,v03,PET,BRAIN EMISSION - Iter(Brain  FDG,Original,2012-04-03,ECAT,Yes,135_S_4566,29.0,2012-02-29,34,v01,135,2012
I281613,sub-ADNI135S4446,CN,F,69,v03,PET,BRAIN EMISSION 4i/16s  FDG,Original,2012-01-31,ECAT,Yes,135_S_4446,30.0,2012-01-05,26,v01,135,2012
I225052,sub-ADNI131S0123,CN,M,79,m60,PET,ADNI-GO RECON 1A AV45,Original,2011-03-21,DCM,Yes,131_S_0123,30.0,2011-03-08,13,m60,131,2011
I269741,sub-ADNI130S4352,CN,M,84,v03,PET,ADNI FDG Brain_30min dyn,Original,2011-12-05,DCM,Yes,130_S_4352,29.0,2011-11-01,34,v01,130,2011
I267570,sub-ADNI130S4343,CN,M,80,v03,PET,ADNI FDG Brain_30min dyn,Original,2011-11-18,DCM,Yes,130_S_4343,30.0,2011-10-28,21,v01,130,2011
I270678,sub-ADNI130S0969,CN,M,75,v06,PET,ADNI FDG Brain_30min dyn,Original,2011-12-09,DCM,Yes,130_S_0969,29.0,2011-11-16,23,v06,130,2011
I99015,sub-ADNI130S0232,CN,M,80,m24,PET,PET ADNI  Brain,Original,2008-03-19,DCM,Yes,130_S_0232,29.0,2008-03-11,8,m24,130,2008
I274617,sub-ADNI129S4422,CN,F,71,v03,PET, 3D 6x300s 4i/16s  FDG,Original,2011-12-27,ECAT,Yes,129_S_4422,29.0,2011-12-07,20,v01,129,2011
I401172,sub-ADNI129S4396,CN,F,81,v21,PET,3D 6x300s 4i/16s  FDG,Original,2013-12-10,ECAT,Yes,129_S_4396,29.0,2013-12-10,0,v21,129,2013
I270079,sub-ADNI129S4371,CN,M,68,v03,PET, 3D 6x300s 4i/16s  FDG,Original,2011-12-06,ECAT,Yes,129_S_4371,28.0,2011-11-09,27,v01,129,2011
I269995,sub-ADNI129S4369,CN,M,68,v03,PET, 3D 6x300s 4i/16s  FDG,Original,2011-12-05,ECAT,Yes,129_S_4369,29.0,2011-11-08,27,v01,129,2011
I24568,sub-ADNI129S0778,CN,M,73,bl,PET,60 min dynamic 4i/16s,Original,2006-09-15,ECAT,Yes,129_S_0778,28.0,2006-07-28,49,sc,129,2006
I323070,sub-ADNI127S4843,CN,F,74,v03,PET,30-60 min dynamic-3D 4i/16s  FDG,Original,2012-08-09,ECAT,Yes,127_S_4843,29.0,2012-07-05,35,v01,127,2012
I298693,sub-ADNI127S4645,CN,F,76,v03,PET,30-60 min dynamic-3D 4i/16s  FDG,Original,2012-04-19,ECAT,Yes,127_S_4645,30.0,2012-03-27,23,v01,127,2012
I295197,sub-ADNI127S4604,CN,M,65,v03,PET,30-60 min dynamic-3D - Iter( FDG,Original,2012-03-29,ECAT,Yes,127_S_4604,29.0,2012-03-12,17,v01,127,2012
I258729,sub-ADNI127S4198,CN,F,79,v03,PET,30-60 min dynamic-3D 4i/16s  FDG,Original,2011-09-22,ECAT,Yes,127_S_4198,30.0,2011-08-16,37,v01,127,2011
I187885,sub-ADNI126S0680,CN,M,82,m48,PET,3D_Brain FDG,Original,2010-07-29,DCM,Yes,126_S_0680,30.0,2010-07-20,9,m48,126,2010
I18640,sub-ADNI126S0506,CN,F,72,bl,PET,ADNI Static Brain (6x5),Original,2006-07-11,DCM,Yes,126_S_0506,29.0,2006-05-11,61,sc,126,2006
I273302,sub-ADNI123S4362,CN,F,68,v03,PET,PET1 FDG,Original,2011-12-02,DCM,Yes,123_S_4362,28.0,2011-11-04,28,v01,123,2011
I223290,sub-ADNI123S0113,CN,M,80,m60,PET,PET2 FDG,Original,2011-03-09,DCM,Yes,123_S_0113,30.0,2011-03-09,0,m60,123,2011
I214098,sub-ADNI123S0106,CN,F,78,m60,PET,PET Brain IT3_16BB FDG,Original,2011-01-24,DCM,Yes,123_S_0106,26.0,2011-01-24,0,m60,123,2011
I977399,sub-ADNI116S4855,CN,M,90,init,PET,FDG BRAIN,Original,2018-03-24,DCM,Yes,116_S_4855,27.0,2018-02-09,43,init,116,2018
I287275,sub-ADNI116S4483,CN,F,70,v03,PET,ADNI_3D_Brain_ITERATIVE  FDG,Original,2012-02-24,DCM,Yes,116_S_4483,30.0,2012-01-17,38,v01,116,2012
I286174,sub-ADNI116S4453,CN,M,66,v03,PET,ADNI_3D_Brain_ITERATIVE  FDG,Original,2012-02-10,DCM,Yes,116_S_4453,29.0,2012-01-09,32,v01,116,2012
I246360,sub-ADNI116S4092,CN,F,82,v03,PET,ADNI_3D_Brain_ITERATIVE  FDG,Original,2011-07-22,DCM,Yes,116_S_4092,29.0,2011-06-20,32,v01,116,2011
I239770,sub-ADNI116S4043,CN,M,82,v03,PET,ADNI_3D_Brain_ITERATIVE  FDG,Original,2011-06-10,DCM,Yes,116_S_4043,29.0,2011-05-04,37,v01,116,2011
I229884,sub-ADNI116S4010,CN,F,71,v03,PET,ADNI_3D_Brain_ITERATIVE  FDG,Original,2011-04-22,DCM,Yes,116_S_4010,29.0,2011-03-21,32,v01,116,2011
I222112,sub-ADNI116S1232,CN,F,76,m48,PET,ADNI_3D_Brain_ITERATIVE  FDG,Original,2011-02-25,DCM,Yes,116_S_1232,27.0,2011-02-16,9,m48,116,2011
I25084,sub-ADNI116S0657,CN,F,78,bl,PET,3D Emission 6i/16s,Original,2006-09-26,ECAT,Yes,116_S_0657,29.0,2006-08-10,47,sc,116,2006
I287709,sub-ADNI114S0173,CN,M,79,v06,PET,ADNI Brain PET: Raw FDG,Original,2012-03-02,DCM,Yes,114_S_0173,27.0,2012-02-15,16,v06,114,2012
I241576,sub-ADNI114S0166,CN,F,78,m60,PET,ADNI Brain PET: Raw FDG,Original,2011-05-09,DCM,Yes,114_S_0166,24.0,2011-05-02,7,m60,114,2011
I290922,sub-ADNI109S4499,CN,M,84,v03,PET,30 MIN 3D FDG 6i/16s,Original,2012-03-19,ECAT,Yes,109_S_4499,28.0,2012-01-24,55,v01,109,2012
I58859,sub-ADNI109S0967,CN,M,78,m06,PET,30 MIN 3D FDG 6i/16s,Original,2007-06-26,ECAT,Yes,109_S_0967,30.0,2007-06-14,12,m06,109,2007
I298738,sub-ADNI100S4469,CN,M,66,v03,PET,ADNI-GO_3D Iterative Brain FDG,Original,2012-04-18,DCM,Yes,100_S_4469,29.0,2012-02-10,68,v01,100,2012
I222146,sub-ADNI100S1286,CN,F,80,m48,PET,ADNI-GO_3D Iterative Brain FDG,Original,2011-03-03,DCM,Yes,100_S_1286,30.0,2011-02-28,3,m48,100,2011
I214301,sub-ADNI100S0069,CN,M,78,m60,PET,ADNI-GO_3D Iterative Brain FDG,Original,2011-01-26,DCM,Yes,100_S_0069,30.0,2011-01-18,8,m60,100,2011
I209416,sub-ADNI100S0047,CN,M,90,m60,PET,ADNI-GO_3D Iterative Brain FDG,Original,2010-12-21,DCM,Yes,100_S_0047,30.0,2010-12-21,0,m60,100,2010
I208560,sub-ADNI100S0035,CN,M,82,m60,PET,ADNI-GO_3D Iterative Brain FDG,Original,2010-12-14,DCM,Yes,100_S_0035,29.0,2010-12-08,6,m60,100,2010
I245493,sub-ADNI099S4104,CN,M,73,v03,PET,PET WB FDG,Original,2011-07-18,DCM,Yes,099_S_4104,30.0,2011-06-27,21,v01,099,2011
I246813,sub-ADNI099S4086,CN,M,82,v03,PET,PET WB FDG,Original,2011-07-26,DCM,Yes,099_S_4086,28.0,2011-06-14,42,v01,099,2011
I244045,sub-ADNI099S4076,CN,F,73,v03,PET,PET WB FDG,Original,2011-07-08,DCM,Yes,099_S_4076,30.0,2011-06-07,31,v01,099,2011
I60640,sub-ADNI099S0534,CN,M,64,m12,PET,PET WB,Original,2007-05-23,DCM,Yes,099_S_0534,28.0,2007-05-23,0,m12,099,2007
I16741,sub-ADNI099S0533,CN,F,81,bl,PET,PET WB,Original,2006-06-08,DCM,Yes,099_S_0533,30.0,2006-05-04,35,sc,099,2006
I13770,sub-ADNI099S0352,CN,F,77,bl,PET,PET WB,Original,2006-04-17,DCM,Yes,099_S_0352,29.0,2006-03-16,32,sc,099,2006
I297922,sub-ADNI098S4506,CN,M,72,v03,PET,ADNI_BRAIN_3D  FDG,Original,2012-03-19,DCM,Yes,098_S_4506,30.0,2012-01-25,54,v01,098,2012
I277588,sub-ADNI098S4275,CN,M,73,v03,PET,ADNI_BRAIN_3D  FDG,Original,2011-12-09,DCM,Yes,098_S_4275,29.0,2011-09-28,72,v01,098,2011
I379970,sub-ADNI098S4050,CN,M,79,v21,PET,ADNI_BRAIN_3D  FDG,Original,2013-07-10,DCM,Yes,098_S_4050,24.0,2013-06-25,15,v21,098,2013
I238478,sub-ADNI098S4018,CN,M,76,v03,PET,ANONYMIZED FDG,Original,2011-06-01,DCM,Yes,098_S_4018,29.0,2011-04-05,57,v01,098,2011
I228798,sub-ADNI098S4003,CN,F,72,v03,PET,ADNI_BRAIN_3D  FDG,Original,2011-04-15,DCM,Yes,098_S_4003,30.0,2011-02-22,52,v01,098,2011
I225452,sub-ADNI098S0172,CN,F,76,v06,PET,ADNI_BRAIN_3D  FDG,Original,2011-03-16,DCM,Yes,098_S_0172,29.0,2011-03-12,4,v06,098,2011
I312237,sub-ADNI094S4649,CN,M,66,v03,PET,30MIN 3D FDG 4i/16s,Original,2012-06-06,ECAT,Yes,094_S_4649,30.0,2012-03-29,69,v01,094,2012
I297198,sub-ADNI094S4560,CN,F,71,v03,PET,30MIN 3D FDG 4i/16s,Original,2012-04-11,ECAT,Yes,094_S_4560,28.0,2012-02-23,48,v01,094,2012
I417626,sub-ADNI094S4503,CN,F,74,v21,PET,30MIN 3D FDG 4i/16s,Original,2014-03-20,ECAT,Yes,094_S_4503,29.0,2014-04-10,21,v21,094,2014
I264710,sub-ADNI094S4234,CN,M,70,v03,PET,30MIN 3D FDG 4i/16s,Original,2011-11-04,ECAT,Yes,094_S_4234,28.0,2011-10-04,31,v01,094,2011
I282666,sub-ADNI082S4428,CN,M,73,v03,PET,082-S-4428-E2  FDG,Original,2012-01-09,DCM,Yes,082_S_4428,29.0,2011-12-12,28,v01,082,2012
I401668,sub-ADNI082S4339,CN,M,86,v21,PET,2-PET ADNI Iterative1  FDG,Original,2013-12-05,DCM,Yes,082_S_4339,29.0,2013-12-18,13,v21,082,2013
I394709,sub-ADNI082S4224,CN,M,77,v21,PET,082-S-4224-E FDG,Original,2013-10-15,DCM,Yes,082_S_4224,28.0,2013-10-23,8,v21,082,2013
I255439,sub-ADNI082S4208,CN,M,78,v03,PET,082-S-4208-E2  AV45,Original,2011-09-07,DCM,Yes,082_S_4208,30.0,2011-08-22,16,v01,082,2011
I242094,sub-ADNI082S4090,CN,M,71,v03,PET,PET Brain1 FDG,Original,2011-06-28,DCM,Yes,082_S_4090,30.0,2011-06-16,12,v01,082,2011
I15676,sub-ADNI082S0363,CN,F,72,bl,PET,PET Brain,Original,2006-05-16,DCM,Yes,082_S_0363,29.0,2006-03-17,60,sc,082,2006
I348690,sub-ADNI073S5023,CN,F,64,v03,PET,"Dyn_ADNI-GO(128x,4i20s,256mmFOV,NoFilter)  AV45",Original,2012-11-29,DCM,Yes,073_S_5023,30.0,2012-10-30,30,v01,073,2012
I348689,sub-ADNI073S4795,CN,M,62,v03,PET,"Dyn_ADNI-GO(128x,4i20s,256mmFOV,NoFilter)  AV45",Original,2012-11-29,DCM,Yes,073_S_4795,30.0,2012-06-06,176,v01,073,2012
I318821,sub-ADNI073S4762,CN,M,74,v03,PET,"Dyn_ADNI-GO(128x,4i20s,256mmFOV,NoFilter)  FDG",Original,2012-07-24,DCM,Yes,073_S_4762,30.0,2012-05-24,61,v01,073,2012
I316474,sub-ADNI073S4739,CN,M,65,v03,PET,"Dyn_ADNI-GO(128x,4i20s,256mmFOV,NoFilter)  FDG",Original,2012-07-16,DCM,Yes,073_S_4739,30.0,2012-05-16,61,v01,073,2012
I292731,sub-ADNI073S4559,CN,F,68,v03,PET,"Dyn_ADNI-GO(128x,4i20s,256mmFOV,NoFilter)  FDG",Original,2012-03-23,DCM,Yes,073_S_4559,26.0,2012-02-24,28,v01,073,2012
I292728,sub-ADNI073S4552,CN,M,63,v03,PET,"Dyn_ADNI-GO(128x,4i20s,256mmFOV,NoFilter)  FDG",Original,2012-03-21,DCM,Yes,073_S_4552,29.0,2012-02-15,35,v01,073,2012
I274457,sub-ADNI073S4393,CN,M,74,v03,PET,"Dyn_ADNI-GO(128x,4i20s,256mmFOV,NoFilter)  AV45",Original,2011-12-20,DCM,Yes,073_S_4393,30.0,2011-11-22,28,v01,073,2011
I271675,sub-ADNI073S4382,CN,F,76,v03,PET,"Dyn_ADNI-GO(128x,4i20s,256mmFOV,NoFilter)  FDG",Original,2011-12-12,DCM,Yes,073_S_4382,28.0,2011-11-15,27,v01,073,2011
I251972,sub-ADNI073S4155,CN,F,78,v03,PET,"Dyn_ADNI-GO(128x,4i20s,256mmFOV,NoFilter)  FDG",Original,2011-08-19,DCM,Yes,073_S_4155,28.0,2011-07-27,23,v01,073,2011
I23149,sub-ADNI073S0312,CN,M,83,bl,PET,30 min 3D FDG  4i/16s,Original,2006-08-21,ECAT,Yes,073_S_0312,30.0,2006-05-10,103,sc,073,2006
I278457,sub-ADNI072S4391,CN,M,75,v03,PET,ADNI BRAIN FDG 1st 15min,Original,2012-01-17,DCM,Yes,072_S_4391,26.0,2011-11-21,57,v01,072,2012
I252586,sub-ADNI072S4103,CN,M,71,v03,PET,ADNI BRAIN FDG 2nd 15min,Original,2011-08-24,DCM,Yes,072_S_4103,29.0,2011-06-24,61,v01,072,2011
I16306,sub-ADNI072S0315,CN,M,72,bl,PET,ADNI BRAIN,Original,2006-05-22,DCM,Yes,072_S_0315,28.0,2006-03-08,75,sc,072,2006
I321817,sub-ADNI070S4856,CN,F,65,v03,PET,070_S_4856FDGFORE-ITERATIVE,Original,2012-08-07,DCM,Yes,070_S_4856,30.0,2012-07-11,27,v01,070,2012
I281010,sub-ADNI068S4424,CN,F,66,v03,PET,PET AC 3D Brain ADNI-GO FDG,Original,2012-01-26,DCM,Yes,068_S_4424,26.0,2011-12-09,48,v01,068,2012
I292490,sub-ADNI068S4340,CN,F,67,v03,PET,PET AC 3D Brain ADNI-GO FDG,Original,2011-12-29,DCM,Yes,068_S_4340,29.0,2011-11-08,51,v01,068,2011
I256429,sub-ADNI068S4174,CN,F,74,v03,PET,PET AC 3D Brain ADNI-GO FDG,Original,2011-09-16,DCM,Yes,068_S_4174,29.0,2011-08-08,39,v01,068,2011
I971867,sub-ADNI068S0210,CN,F,85,init,PET,ADNI AC FDG,Original,2018-03-09,DCM,Yes,068_S_0210,29.0,2017-11-16,113,init,068,2018
I248172,sub-ADNI068S0127,CN,M,76,v06,PET,PET AC 3D Brain ADNI-GO AV-45  AV45,Original,2011-07-26,DCM,Yes,068_S_0127,27.0,2011-07-06,20,v06,068,2011
I208549,sub-ADNI067S0059,CN,F,76,m60,PET,FDG_Dyn_6x5min_2Di_336_2z_AllPass (AC),Original,2010-12-13,DCM,Yes,067_S_0059,27.0,2010-12-10,3,m60,067,2010
I208512,sub-ADNI067S0056,CN,F,75,m60,PET,FDG_Dyn_6x5min_2Di_336_2z_AllPass (AC),Original,2010-12-13,DCM,Yes,067_S_0056,28.0,2010-12-10,3,m60,067,2010
I31829,sub-ADNI062S1099,CN,F,79,bl,PET,PET BRAIN,Original,2006-12-05,DCM,Yes,062_S_1099,29.0,2006-11-08,27,sc,062,2006
I52698,sub-ADNI057S0934,CN,F,71,m06,PET,ADNI Static Brain (6x5),Original,2007-05-01,DCM,Yes,057_S_0934,28.0,2007-04-25,6,m06,057,2007
I23771,sub-ADNI057S0779,CN,M,80,bl,PET,ADNI Static Brain (6x5),Original,2006-09-05,DCM,Yes,057_S_0779,28.0,2006-07-25,42,sc,057,2006
I277287,sub-ADNI041S4427,CN,M,71,v03,PET,6x5minute frames 4i/16s  FDG,Original,2012-01-11,ECAT,Yes,041_S_4427,30.0,2011-12-16,26,v01,041,2012
I240436,sub-ADNI041S4060,CN,M,85,v03,PET,6x5minute frames - Iter(Brai FDG,Original,2011-06-15,ECAT,Yes,041_S_4060,30.0,2011-05-18,28,v01,041,2011
I239161,sub-ADNI041S4037,CN,M,76,v03,PET,6x5minute frames 4i/16s  FDG,Original,2011-06-03,ECAT,Yes,041_S_4037,27.0,2011-04-28,36,v01,041,2011
I244955,sub-ADNI041S4014,CN,M,81,v03,PET,6x5minute frames - Iter(Brai FDG,Original,2011-07-15,ECAT,Yes,041_S_4014,29.0,2011-03-24,113,v01,041,2011
I277676,sub-ADNI037S4410,CN,F,69,v03,PET,fdg 4i/16s  FDG,Original,2012-01-13,ECAT,Yes,037_S_4410,29.0,2011-12-07,37,v01,037,2012
I252035,sub-ADNI037S4071,CN,M,85,v03,PET,fdg 4i/16s  FDG,Original,2011-08-22,ECAT,Yes,037_S_4071,24.0,2011-06-01,82,v01,037,2011
I236526,sub-ADNI037S4028,CN,F,64,v03,PET,fdg 4i/16s  FDG,Original,2011-05-23,ECAT,Yes,037_S_4028,30.0,2011-04-18,35,v01,037,2011
I106088,sub-ADNI037S0467,CN,F,83,m24,PET,ADNI PET -FDG,Original,2008-05-19,DCM,Yes,037_S_0467,28.0,2008-05-19,0,m24,037,2008
I16956,sub-ADNI037S0454,CN,F,82,bl,PET,ADNI BRAIN,Original,2006-06-14,DCM,Yes,037_S_0454,29.0,2006-04-17,58,sc,037,2006
I14893,sub-ADNI037S0327,CN,M,70,bl,PET,ADNI BRAIN,Original,2006-05-10,DCM,Yes,037_S_0327,29.0,2006-03-13,58,sc,037,2006
I323600,sub-ADNI036S4878,CN,F,73,v03,PET,30 MIN 3D FDG 4i/16s,Original,2012-08-14,ECAT,Yes,036_S_4878,29.0,2012-07-23,22,v01,036,2012
I286095,sub-ADNI036S4491,CN,M,84,v03,PET,30 MIN 3D FDG 4i/16s,Original,2012-02-22,ECAT,Yes,036_S_4491,30.0,2012-01-19,34,v01,036,2012
I286356,sub-ADNI035S4464,CN,M,71,v03,PET,ADNI-FDG BRAIN (AC),Original,2012-02-17,DCM,Yes,035_S_4464,30.0,2012-01-10,38,v01,035,2012
I244384,sub-ADNI035S4082,CN,M,76,v03,PET,ADNI-FDG BRAIN (AC),Original,2011-07-05,DCM,Yes,035_S_4082,30.0,2011-06-10,25,v01,035,2011
I922697,sub-ADNI035S0156,CN,M,86,init,PET,ADNI_3_FDG_BRAIN (AC),Original,2017-10-19,DCM,Yes,035_S_0156,28.0,2017-10-05,14,init,035,2017
I286996,sub-ADNI033S4508,CN,F,77,v03,PET,ADNI ITERATIVE FDG,Original,2012-02-28,DCM,Yes,033_S_4508,30.0,2012-01-26,33,v01,033,2012
I285696,sub-ADNI033S4505,CN,F,81,v03,PET,ADNI ITERATIVE FDG,Original,2012-02-16,DCM,Yes,033_S_4505,29.0,2012-01-25,22,v01,033,2012
I255679,sub-ADNI033S4179,CN,M,83,v03,PET,ADNI ITERATIVE FDG,Original,2011-09-12,DCM,Yes,033_S_4179,30.0,2011-08-10,33,v01,033,2011
I255364,sub-ADNI033S4177,CN,M,85,v03,PET,ADNI ITERATIVE FDG,Original,2011-09-09,DCM,Yes,033_S_4177,30.0,2011-08-09,31,v01,033,2011
I390108,sub-ADNI033S4176,CN,M,86,v21,PET,ADNI ITERATIVE FDG,Original,2013-09-13,DCM,Yes,033_S_4176,30.0,2013-09-04,9,v21,033,2013
I199063,sub-ADNI033S0923,CN,M,87,m48,PET,ADNI ITERATIVE FDG,Original,2010-10-21,DCM,Yes,033_S_0923,30.0,2010-10-15,6,m48,033,2010
I294187,sub-ADNI031S4496,CN,F,76,v03,PET,EMISSION 6i/16s  FDG,Original,2012-02-27,ECAT,Yes,031_S_4496,30.0,2012-01-23,35,v01,031,2012
I284238,sub-ADNI031S4474,CN,M,86,v03,PET,EMISSION-ADNI 4i/16s  FDG,Original,2012-02-03,ECAT,Yes,031_S_4474,28.0,2012-01-12,22,v01,031,2012
I259271,sub-ADNI031S4218,CN,M,81,v03,PET,EMISSION-ADNI 4i/16s  FDG,Original,2011-09-29,ECAT,Yes,031_S_4218,29.0,2011-08-29,31,v01,031,2011
I239489,sub-ADNI031S4032,CN,F,70,v03,PET,EMISSION-ADNI 4i/16s  FDG,Original,2011-05-23,ECAT,Yes,031_S_4032,30.0,2011-04-25,28,v01,031,2011
I232353,sub-ADNI031S4021,CN,M,67,v03,PET,EMISSION-ADNI 4i/16s  FDG,Original,2011-04-27,ECAT,Yes,031_S_4021,29.0,2011-04-07,20,v01,031,2011
I26947,sub-ADNI027S0120,CN,M,73,m06,PET,ADNI Brain PET: Raw,Original,2006-08-03,DCM,Yes,027_S_0120,29.0,2006-08-02,1,m06,027,2006
I253679,sub-ADNI024S4158,CN,M,84,v03,PET,30 min FDG 4i/16s,Original,2011-08-31,ECAT,Yes,024_S_4158,30.0,2011-07-28,34,v01,024,2011
I250681,sub-ADNI024S4084,CN,F,69,v03,PET,30 min 3D FDG 4i/16s,Original,2011-08-01,ECAT,Yes,024_S_4084,30.0,2011-06-13,49,v01,024,2011
I55331,sub-ADNI024S0985,CN,M,82,m06,PET,30 min 3D FDG 4i/16s,Original,2007-05-14,ECAT,Yes,024_S_0985,29.0,2007-04-30,14,m06,024,2007
I285692,sub-ADNI023S4448,CN,F,64,v03,PET,PET Brain AV_45  AV45,Original,2012-02-17,DCM,Yes,023_S_4448,29.0,2012-01-11,37,v01,023,2012
I269395,sub-ADNI023S4164,CN,M,73,v03,PET,PET Brain FDG,Original,2011-11-29,DCM,Yes,023_S_4164,30.0,2011-08-02,119,v01,023,2011
I224751,sub-ADNI023S1190,CN,F,81,v06,PET,PET Brain fdg  FDG,Original,2011-03-23,DCM,Yes,023_S_1190,29.0,2011-03-23,0,v06,023,2011
I200214,sub-ADNI023S0926,CN,F,75,m48,PET,PET Brain FDG,Original,2010-10-28,DCM,Yes,023_S_0926,30.0,2010-10-27,1,m48,023,2010
I216897,sub-ADNI023S0061,CN,F,82,m60,PET,PET Brain FDG,Original,2011-02-08,DCM,Yes,023_S_0061,27.0,2011-02-07,1,m60,023,2011
I207399,sub-ADNI023S0031,CN,F,83,m60,PET,PET Brain fdg  FDG,Original,2010-12-02,DCM,Yes,023_S_0031,30.0,2010-12-01,1,m60,023,2010
I273298,sub-ADNI022S4320,CN,F,71,v03,PET,ADNI Brain PET: Raw FDG,Original,2011-12-09,DCM,Yes,022_S_4320,30.0,2011-10-18,52,v01,022,2011
I279262,sub-ADNI022S4291,CN,F,76,v03,PET,ADNI Brain PET: Raw FDG,Original,2012-01-19,DCM,Yes,022_S_4291,30.0,2011-10-06,105,v01,022,2012
I274741,sub-ADNI022S4266,CN,F,70,v03,PET,ADNI Brain PET: Raw FDG,Original,2011-12-20,DCM,Yes,022_S_4266,30.0,2011-09-26,85,v01,022,2011
I261821,sub-ADNI022S4196,CN,M,79,v03,PET,ADNI Brain PET: Raw FDG,Original,2011-10-14,DCM,Yes,022_S_4196,30.0,2011-08-16,59,v01,022,2011
I261504,sub-ADNI022S4173,CN,F,70,v03,PET,ADNI Brain PET: Raw FDG,Original,2011-10-03,DCM,Yes,022_S_4173,30.0,2011-08-08,56,v01,022,2011
I215754,sub-ADNI022S0096,CN,M,85,m60,PET,ADNI Brain PET: Raw FDG,Original,2011-01-31,DCM,Yes,022_S_0096,30.0,2011-01-31,0,m60,022,2011
I127140,sub-ADNI022S0014,CN,F,82,m36,PET,ADNI Brain PET: Raw,Original,2008-11-14,DCM,Yes,022_S_0014,29.0,2008-11-05,9,m36,022,2008
I296482,sub-ADNI021S4558,CN,F,70,v03,PET,3D PET BRAIN ADNI-GO FDG,Original,2012-03-29,DCM,Yes,021_S_4558,29.0,2012-02-20,38,v01,021,2012
I277666,sub-ADNI021S4421,CN,F,75,v03,PET,3D PET BRAIN ADNI-2 FDG,Original,2012-01-11,DCM,Yes,021_S_4421,26.0,2011-12-07,35,v01,021,2012
I267554,sub-ADNI021S4335,CN,F,72,v03,PET,3D PET BRAIN ADNI-GO AV45,Original,2011-11-17,DCM,Yes,021_S_4335,30.0,2011-10-25,23,v01,021,2011
I265931,sub-ADNI021S4276,CN,F,74,v03,PET,3D PET BRAIN ADNI-2 FDG,Original,2011-11-10,DCM,Yes,021_S_4276,29.0,2011-09-29,42,v01,021,2011
I265929,sub-ADNI021S4254,CN,F,86,v03,PET,3D PET BRAIN ADNI-2 FDG,Original,2011-11-08,DCM,Yes,021_S_4254,26.0,2011-09-19,50,v01,021,2011
I209518,sub-ADNI021S0984,CN,M,81,m48,PET,ADNI-GO FDG,Original,2010-12-20,DCM,Yes,021_S_0984,30.0,2010-12-03,17,m48,021,2010
I20290,sub-ADNI021S0647,CN,M,73,bl,PET,ADNIBRAIN6X5,Original,2006-08-02,DCM,Yes,021_S_0647,30.0,2006-06-06,57,sc,021,2006
I234553,sub-ADNI021S0159,CN,F,83,m60,PET,ADNI-GO FDG,Original,2011-04-28,DCM,Yes,021_S_0159,30.0,2011-04-22,6,m60,021,2011
I78162,sub-ADNI020S0883,CN,F,77,m12,PET,PET COR BRAIN ADNI # 3,Original,2007-10-12,DCM,Yes,020_S_0883,29.0,2008-01-08,88,m12,020,2007
I62526,sub-ADNI020S0097,CN,F,74,m12,PET,PET BRAIN W/PATCH,Original,2007-03-23,DCM,Yes,020_S_0097,30.0,2007-04-02,10,m12,020,2007
I317883,sub-ADNI019S4835,CN,M,79,v03,PET,e+1 ADNI FDG 6X5,Original,2012-07-24,DCM,Yes,019_S_4835,26.0,2012-06-28,26,v01,019,2012
I401627,sub-ADNI019S4367,CN,F,67,v21,PET,PET Brain  FDG,Original,2013-12-10,DCM,Yes,019_S_4367,30.0,2013-12-12,2,v21,019,2013
I306056,sub-ADNI018S4400,CN,M,72,v03,PET,3D BRAIN FDG FORE,Original,2012-05-17,DCM,Yes,018_S_4400,29.0,2012-07-17,61,v05,018,2012
I323143,sub-ADNI018S4399,CN,F,79,v03,PET,3D BRAIN FDG FORE,Original,2012-08-01,DCM,Yes,018_S_4399,30.0,2012-06-25,37,v05,018,2012
I318750,sub-ADNI018S4349,CN,F,72,v03,PET,3D BRAIN FDG FORE,Original,2012-07-18,DCM,Yes,018_S_4349,29.0,2012-07-10,8,v05,018,2012
I318753,sub-ADNI018S4313,CN,F,78,v03,PET,3D BRAIN FDG FORE,Original,2012-07-17,DCM,Yes,018_S_4313,27.0,2012-07-17,0,v05,018,2012
I382168,sub-ADNI018S0055,CN,M,83,v11,PET,3D BRAIN FDG FORE,Original,2013-07-18,DCM,Yes,018_S_0055,30.0,2013-06-27,21,v11,018,2013
I90543,sub-ADNI018S0043,CN,M,79,m24,PET,ADNI Static Brain (6x5),Original,2008-02-15,DCM,Yes,018_S_0043,29.0,2008-02-15,0,m24,018,2008
I347335,sub-ADNI016S4951,CN,F,72,v03,PET,ADNI2 FDG (AC),Original,2012-11-20,DCM,Yes,016_S_4951,29.0,2012-09-12,69,v01,016,2012
I314073,sub-ADNI016S4688,CN,F,82,v03,PET,PET 1 (AC) FDG,Original,2012-07-03,DCM,Yes,016_S_4688,30.0,2012-04-16,78,v01,016,2012
I308829,sub-ADNI016S4638,CN,M,74,v03,PET,pet ac (AC)  AV45,Original,2012-06-06,DCM,Yes,016_S_4638,28.0,2012-03-22,76,v01,016,2012
I385597,sub-ADNI016S4121,CN,M,91,v21,PET,ADNI2 FDG (AC),Original,2013-08-15,DCM,Yes,016_S_4121,27.0,2013-08-08,7,v21,016,2013
I299094,sub-ADNI014S4577,CN,M,85,v03,PET,ADNI Brain PET: Raw AV45,Original,2012-04-19,DCM,Yes,014_S_4577,29.0,2012-02-28,51,v01,014,2012
I274087,sub-ADNI014S4401,CN,F,68,v03,PET,ADNI Brain PET: Raw FDG,Original,2011-12-22,DCM,Yes,014_S_4401,30.0,2011-11-28,24,v01,014,2011
I247650,sub-ADNI014S4093,CN,F,70,v03,PET,ADNI Brain PET: Raw FDG,Original,2011-07-28,DCM,Yes,014_S_4093,29.0,2011-06-21,37,v01,014,2011
I251918,sub-ADNI014S4080,CN,F,79,v03,PET,ADNI Brain PET: Raw FDG,Original,2011-08-19,DCM,Yes,014_S_4080,28.0,2011-06-08,72,v01,014,2011
I189758,sub-ADNI014S0548,CN,F,78,m48,PET,ADNI Brain PET: Raw FDG,Original,2010-08-06,DCM,Yes,014_S_0548,28.0,2010-07-19,18,m48,014,2010
I192931,sub-ADNI014S0520,CN,F,82,m48,PET,ADNI Brain PET: Raw FDG,Original,2010-09-16,DCM,Yes,014_S_0520,30.0,2010-08-17,30,m48,014,2010
I192934,sub-ADNI014S0519,CN,M,79,m48,PET,ADNI Brain PET: Raw FDG,Original,2010-09-16,DCM,Yes,014_S_0519,30.0,2010-08-17,30,m48,014,2010
I311852,sub-ADNI013S4616,CN,M,85,v03,PET,3D_IR  FDG,Original,2012-05-07,DCM,Yes,013_S_4616,29.0,2012-03-15,53,v01,013,2012
I303390,sub-ADNI013S4580,CN,F,70,v03,PET,3D_IR  FDG,Original,2012-05-10,DCM,Yes,013_S_4580,30.0,2012-02-28,72,v01,013,2012
I311884,sub-ADNI013S4579,CN,M,85,v03,PET,3D_IR  FDG,Original,2012-06-12,DCM,Yes,013_S_4579,30.0,2012-02-28,105,v01,013,2012
I24861,sub-ADNI013S0502,CN,M,75,bl,PET,ADNI STATIC BRAIN (6X5),Original,2006-09-07,DCM,Yes,013_S_0502,29.0,2006-05-11,119,sc,013,2006
I301385,sub-ADNI012S4643,CN,F,65,v03,PET,ADNI2FDGBrain(6x5)ITERATIVE,Original,2012-04-27,DCM,Yes,012_S_4643,29.0,2012-03-27,31,v01,012,2012
I293867,sub-ADNI012S4545,CN,F,67,v03,PET,ADNI2FDGBrain(6x5),Original,2012-03-27,DCM,Yes,012_S_4545,30.0,2012-02-13,43,v01,012,2012
I376870,sub-ADNI012S4026,CN,M,76,v21,PET,ADNI2FDGBrain(6x5),Original,2013-06-17,DCM,Yes,012_S_4026,29.0,2013-06-10,7,v21,012,2013
I37583,sub-ADNI012S1133,CN,F,80,bl,PET,ADNIstaticBrain(6x5),Original,2007-01-29,DCM,Yes,012_S_1133,30.0,2006-12-22,38,sc,012,2007
I20727,sub-ADNI012S0637,CN,F,76,bl,PET,ADNIstaticBrain(6x5),Original,2006-08-17,DCM,Yes,012_S_0637,28.0,2006-06-12,66,sc,012,2006
I262665,sub-ADNI011S4278,CN,M,75,v03,PET,ADNI2 FDG (AC),Original,2011-10-26,DCM,Yes,011_S_4278,27.0,2011-09-29,27,v01,011,2011
I258111,sub-ADNI011S4222,CN,F,82,v03,PET,ADNI2 FDG (AC),Original,2011-09-26,DCM,Yes,011_S_4222,30.0,2011-08-31,26,v01,011,2011
I247602,sub-ADNI011S4120,CN,F,82,v03,PET,FDG (AC),Original,2011-07-28,DCM,Yes,011_S_4120,30.0,2011-07-06,22,v01,011,2011
I382711,sub-ADNI011S4105,CN,F,73,v21,PET,ADNI2 FDG (AC),Original,2013-07-26,DCM,Yes,011_S_4105,30.0,2013-07-10,16,v21,011,2013
I241018,sub-ADNI011S4075,CN,M,73,v03,PET,ADNI2 FDG (AC),Original,2011-06-20,DCM,Yes,011_S_4075,29.0,2011-06-02,18,v01,011,2011
I299114,sub-ADNI010S4442,CN,F,75,v03,PET,30 MIN EMMI - Iter(Brain Mod FDG,Original,2012-04-18,ECAT,Yes,010_S_4442,30.0,2012-01-20,89,v01,010,2012
I290970,sub-ADNI010S4345,CN,M,70,v03,PET,30 MIN EMMI 4i/16s  FDG,Original,2012-03-09,ECAT,Yes,010_S_4345,30.0,2011-11-22,108,v01,010,2012
I54563,sub-ADNI010S0472,CN,M,73,m06,PET,60min Dyn FDG 4i/16s,Original,2007-05-14,ECAT,Yes,010_S_0472,30.0,2007-05-30,16,m06,010,2007
I24007,sub-ADNI010S0420,CN,M,74,bl,PET,60min Dyn FDG 4i/16s,Original,2006-09-06,ECAT,Yes,010_S_0420,29.0,2006-05-12,117,sc,010,2006
I35283,sub-ADNI010S0419,CN,M,71,m06,PET,60min Dyn FDG 4i/16s,Original,2007-01-04,ECAT,Yes,010_S_0419,29.0,2006-12-15,20,m06,010,2007
I298261,sub-ADNI009S4612,CN,F,69,v03,PET,ADNIGO - FDG BRAIN STUDY,Original,2012-04-18,DCM,Yes,009_S_4612,30.0,2012-03-14,35,v01,009,2012
I277569,sub-ADNI009S4388,CN,M,67,v03,PET,ADNIGO - FDG BRAIN STUDY,Original,2012-01-12,DCM,Yes,009_S_4388,29.0,2011-11-21,52,v01,009,2012
I269390,sub-ADNI009S4337,CN,M,72,v03,PET,ADNIGO - FDG BRAIN STUDY,Original,2011-12-01,DCM,Yes,009_S_4337,26.0,2011-10-26,36,v01,009,2011
I25729,sub-ADNI009S0862,CN,F,74,bl,PET,30min 3D FDG 6i/16s,Original,2006-10-04,ECAT,Yes,009_S_0862,30.0,2006-08-29,36,sc,009,2006
I26014,sub-ADNI009S0842,CN,M,74,bl,PET,30min 3D FDG 6i/16s,Original,2006-10-09,ECAT,Yes,009_S_0842,28.0,2006-08-23,47,sc,009,2006
I23216,sub-ADNI009S0751,CN,M,71,bl,PET,30 min 3D FDG 6i/16s,Original,2006-08-21,ECAT,Yes,009_S_0751,27.0,2006-07-14,38,sc,009,2006
I297798,sub-ADNI007S4637,CN,F,71,v03,PET,TRANSAXIAL:BRAIN 3D:FDG:IR CTAC NF,Original,2012-04-16,DCM,Yes,007_S_4637,29.0,2012-03-22,25,v01,007,2012
I420805,sub-ADNI007S4620,CN,M,79,v21,PET,TRANSAXIAL:BRAIN 3D:FDG:IR CTAC NF,Original,2014-04-21,DCM,Yes,007_S_4620,30.0,2014-04-21,0,v21,007,2014
I286793,sub-ADNI007S4516,CN,M,71,v03,PET,TRANSAXIAL:BRAIN 3D:FDG:IR CTAC NF,Original,2012-02-27,DCM,Yes,007_S_4516,28.0,2012-01-30,28,v01,007,2012
I285677,sub-ADNI007S4488,CN,M,73,v03,PET,TRANSAXIAL:BRAIN 3D:FDG:IR CTAC NF,Original,2012-02-16,DCM,Yes,007_S_4488,30.0,2012-01-19,28,v01,007,2012
I274036,sub-ADNI007S4387,CN,F,76,v03,PET,TRANSAXIAL:BRAIN 3D:FDG:IR CTAC NF,Original,2011-12-19,DCM,Yes,007_S_4387,29.0,2011-11-21,28,v01,007,2011
I289697,sub-ADNI006S4485,CN,M,73,v03,PET,ADNI_FDG 6F 4i/16s,Original,2012-02-28,ECAT,Yes,006_S_4485,26.0,2012-01-18,41,v01,006,2012
I281582,sub-ADNI006S4449,CN,F,67,v03,PET,ADNI_FDG 6F 4i/16s,Original,2012-01-30,ECAT,Yes,006_S_4449,28.0,2012-01-05,25,v01,006,2012
I278345,sub-ADNI006S4357,CN,F,74,v03,PET,ADNI_FDG 6F 4i/16s,Original,2012-01-11,ECAT,Yes,006_S_4357,30.0,2011-11-02,70,v01,006,2012
I255075,sub-ADNI006S4150,CN,M,74,v03,PET,ADNIGo_FDG 6F 4i/16s,Original,2011-09-02,ECAT,Yes,006_S_4150,28.0,2011-07-25,39,v01,006,2011
I333840,sub-ADNI003S4900,CN,F,60,v03,PET,ADNI (AC)  FDG,Original,2012-08-28,DCM,Yes,003_S_4900,30.0,2012-08-03,25,v01,003,2012
I326311,sub-ADNI003S4872,CN,F,69,v03,PET,ADNI (AC)  FDG,Original,2012-08-23,DCM,Yes,003_S_4872,26.0,2012-07-19,35,v01,003,2012
I307342,sub-ADNI003S4644,CN,F,68,v03,PET,ADNI (AC)  FDG,Original,2012-05-14,DCM,Yes,003_S_4644,30.0,2012-03-27,48,v01,003,2012
I294997,sub-ADNI003S4555,CN,F,66,v03,PET,ADNI (AC)  FDG,Original,2012-03-23,DCM,Yes,003_S_4555,28.0,2012-02-17,35,v01,003,2012
I282156,sub-ADNI003S4441,CN,F,69,v03,PET,ADNI (AC)  FDG,Original,2012-01-20,DCM,Yes,003_S_4441,30.0,2011-12-20,31,v01,003,2012
I274604,sub-ADNI003S4350,CN,M,73,v03,PET,ADNI (AC)  FDG,Original,2011-12-15,DCM,Yes,003_S_4350,30.0,2011-10-31,45,v01,003,2011
I271734,sub-ADNI003S4288,CN,F,73,v03,PET,ADNI (AC)  FDG,Original,2011-11-08,DCM,Yes,003_S_4288,29.0,2011-10-06,33,v01,003,2011
I256955,sub-ADNI003S4119,CN,M,79,v03,PET,ADNI (AC)  FDG,Original,2011-08-18,DCM,Yes,003_S_4119,30.0,2011-07-06,43,v01,003,2011
I249682,sub-ADNI003S4081,CN,F,73,v03,PET,ADNI (AC)  FDG,Original,2011-07-27,DCM,Yes,003_S_4081,28.0,2011-06-09,48,v01,003,2011
I225650,sub-ADNI003S0907,CN,F,93,m48,PET,ADNI (AC)  FDG,Original,2010-12-13,DCM,Yes,003_S_0907,30.0,2012-01-23,406,v06,003,2010
I265311,sub-ADNI002S4270,CN,F,75,v03,PET,ADNI Brain PET: Raw FDG,Original,2011-11-08,DCM,Yes,002_S_4270,28.0,2011-09-27,42,v01,002,2011
I263363,sub-ADNI002S4262,CN,F,73,v03,PET,ADNI Brain PET: Raw FDG,Original,2011-10-28,DCM,Yes,002_S_4262,29.0,2011-09-20,38,v01,002,2011
I260708,sub-ADNI002S4225,CN,M,70,v03,PET,ADNI Brain PET: Raw FDG,Original,2011-10-12,DCM,Yes,002_S_4225,28.0,2011-09-01,41,v01,002,2011
I257394,sub-ADNI002S4213,CN,F,78,v03,PET,ADNI Brain PET: Raw FDG,Original,2011-09-21,DCM,Yes,002_S_4213,28.0,2011-08-23,29,v01,002,2011
I221695,sub-ADNI002S1261,CN,F,75,m48,PET,ADNI Brain PET: Raw FDG,Original,2011-03-01,DCM,Yes,002_S_1261,30.0,2011-02-24,5,m48,002,2011
